-1344.2362060546875,2830.98388671875,4131
-746.6060791015625,-895.6197509765625,4083
-1231.4381103515625,123.89420318603516,4808
1770.0924072265625,-613.3236083984375,5257
396.1776123046875,1812.6971435546875,5430
-1333.9925537109375,-834.7981567382812,5877
1929.9425048828125,39.212886810302734,3021
1918.51513671875,30.928476333618164,2836
397.30535888671875,-408.7200012207031,1720
-128.550537109375,-229.97093200683594,4118
-1927.4344482421875,527.3497314453125,2686
-232.5150146484375,1636.4932861328125,1584
307.20672607421875,-1597.3890380859375,4358
1405.525146484375,988.7760620117188,2770
-969.1014404296875,143.7179718017578,3608
-1272.3870849609375,1495.0294189453125,3235
-128.69236755371094,-1283.26171875,3352
-2081.393310546875,-475.2448425292969,4420
1484.536376953125,-962.6797485351562,2769
1255.011474609375,1085.2174072265625,4561
-76.25146484375,-8.77055549621582,4696
112.61949157714844,-1481.7056884765625,3401
1599.3194580078125,554.5722045898438,3175
-1458.8189697265625,1200.7044677734375,38
880.339111328125,-1225.2171630859375,4037
588.140869140625,1580.13330078125,3279
1739.124755859375,-945.2117919921875,5128
1736.8880615234375,-541.8367919921875,6632
-349.0422058105469,1490.668212890625,442
-43.24453353881836,2506.086669921875,4726
-503.9049377441406,-153.5195770263672,2395
-38.81623840332031,-1452.152099609375,3836
1179.08447265625,390.92437744140625,5440
2015.49951171875,180.98411560058594,6516
2455.900634765625,-724.41748046875,5156
1088.593994140625,1117.7774658203125,4410
58.569366455078125,-1866.1539306640625,3714
-555.05908203125,1003.4032592773438,3701
1578.632080078125,93.22594451904297,3726
1317.9447021484375,1526.3311767578125,5559
-1318.42138671875,-703.7653198242188,5624
-950.041259765625,-1418.4951171875,6569
14.422425270080566,-76.14192962646484,5358
-1132.855224609375,1465.18017578125,1884
1393.850341796875,-403.43212890625,447
-1389.9193115234375,-1607.615966796875,4941
-1300.862060546875,-1186.310546875,4799
-1269.8345947265625,705.9295043945312,2779
1171.83544921875,807.6791381835938,3199
-512.2369384765625,-1582.6842041015625,5617
640.7103881835938,861.9832153320312,111
-1606.19677734375,420.1465759277344,4450
-1234.302490234375,61.40269470214844,2458
172.2100067138672,-1037.2490234375,1713
226.33981323242188,586.581298828125,4189
-596.3733520507812,1529.7235107421875,6018
-1013.7381591796875,1544.251220703125,4616
-2492.41162109375,561.8682250976562,5454
324.194580078125,2437.194580078125,5108
536.1605224609375,-728.0263061523438,1597
-386.79400634765625,1691.187255859375,2729
-849.6331787109375,-55.80738830566406,3960
-264.146484375,-1336.8814697265625,6266
1276.409912109375,-1151.7200927734375,2506
7.1091508865356445,-76.42688751220703,733
37.45463180541992,66.99315643310547,4284
-61.1203498840332,46.43559646606445,114
-72.48109436035156,-25.256134033203125,2333
-73.6210708618164,21.823747634887695,4619
33.611183166503906,-68.99971771240234,1269
-76.26184844970703,-8.691532135009766,3439
2.987917900085449,76.69692993164062,6194
-73.6270751953125,-21.679391860961914,4029
1520.6827392578125,-949.8026733398438,4893
487.27490234375,1072.82177734375,2913
1196.7802734375,-708.01806640625,5730
205.80535888671875,-1556.97802734375,433
-505.51837158203125,-656.713134765625,4663
1419.1578369140625,-380.0677185058594,1412
976.4114990234375,1453.2261962890625,1249
2098.859619140625,-469.87579345703125,4241
-769.4312744140625,-1153.0743408203125,2812
804.7786865234375,1512.331298828125,1343
396.21746826171875,1699.3226318359375,2285
1331.3848876953125,792.8497924804688,542
-1842.192626953125,25.996570587158203,5731
-1739.4991455078125,576.52197265625,4383
484.36865234375,-217.18919372558594,2398
2143.83544921875,-376.3727111816406,5234
-1192.68896484375,1259.497802734375,4574
-1454.9658203125,-109.29216003417969,5325
1145.9693603515625,-165.84544372558594,5503
-973.7936401367188,-519.115966796875,5828
1872.7880859375,1120.4808349609375,4256
-1697.3841552734375,82.8316650390625,5726
696.8528442382812,449.54840087890625,3594
-987.02978515625,1936.6910400390625,5103
775.6171264648438,-24.049577713012695,3419
47.54030227661133,-60.269203186035156,2302
-463.0176086425781,301.5584411621094,5827
-1448.7347412109375,1403.3448486328125,4116
322.75360107421875,-406.5740661621094,2974
866.0562744140625,-1213.562255859375,5468
-1167.34033203125,-1799.6298828125,5573
-1108.883544921875,1143.536865234375,2741
980.0097045898438,114.24561309814453,4326
591.8017578125,691.7527465820312,3231
1396.607177734375,-1341.1083984375,1378
-55.58458709716797,2271.66064453125,6180
-1488.058349609375,1068.5853271484375,4135
483.893798828125,-356.44427490234375,5748
715.6858520507812,944.3287963867188,4149
1194.96630859375,688.9530029296875,2164
950.3700561523438,1343.3746337890625,4293
611.8298950195312,-724.8987426757812,3597
-1161.685791015625,-811.8079833984375,4507
-1327.568359375,-917.3187255859375,3103
-1647.8946533203125,698.7275390625,6247
55.50355911254883,-1904.9901123046875,1254
-2869.286376953125,981.2518310546875,6447
-285.88671875,1344.008544921875,4796
1651.6533203125,-91.92343139648438,4688
1045.0140380859375,-912.1444091796875,4262
416.5914306640625,-1580.8167724609375,6631
2651.082763671875,431.914306640625,1698
2313.540283203125,289.1335144042969,5843
-504.08465576171875,1859.5037841796875,2749
899.9716186523438,-516.5667724609375,2173
840.251953125,1884.5972900390625,4741
-483.3159484863281,707.8137817382812,4753
-1339.7056884765625,-536.4148559570312,64
-1593.8631591796875,-1077.1427001953125,2844
-1000.8157958984375,2175.260009765625,130
-214.9797821044922,-1648.161865234375,4193
-358.4715576171875,1978.3096923828125,2205
215.40150451660156,304.4021911621094,6095
-1610.50439453125,1153.8096923828125,6476
-13.708456993103027,-694.8953247070312,3518
-1856.251953125,710.3441772460938,5222
1470.30810546875,1695.37841796875,3116
-83.08834838867188,74.21168518066406,4035
-51.99178695678711,-56.442054748535156,1992
-6.975140571594238,76.43701171875,3560
-75.39387512207031,-14.393624305725098,4263
644.5160522460938,229.1457061767578,276
-834.8296508789062,-1826.3377685546875,5148
-131.1775360107422,-638.335205078125,5457
1793.1005859375,295.17010498046875,2609
1460.583740234375,825.6600952148438,649
532.4329833984375,1001.6160888671875,5225
810.6294555664062,-145.9003143310547,2944
-661.0535278320312,1250.4281005859375,3850
49.4140625,-908.4376831054688,4529
251.54302978515625,-1036.4625244140625,21
-1821.4461669921875,1102.326904296875,6165
-60.91805648803711,-47.85358810424805,4858
-860.3036499023438,275.0765380859375,2251
-1173.221923828125,-198.77525329589844,4647
190.60301208496094,-778.053466796875,2198
318.4657897949219,1970.928955078125,3621
1808.3927001953125,714.0148315429688,3355
1259.982421875,-1521.78857421875,17
-72.30751037597656,-1084.8802490234375,3961
245.06344604492188,-1072.8697509765625,3596
-323.0454406738281,1164.1209716796875,14
81.97502136230469,-1237.97900390625,3563
-1580.4359130859375,-195.6707000732422,3368
798.1491088867188,917.8109741210938,3547
1152.5408935546875,14.526735305786133,5589
993.3436279296875,-1461.1895751953125,2767
1143.5262451171875,-453.6591796875,4461
636.4583740234375,-1932.2315673828125,4250
530.7709350585938,2123.8330078125,1889
-1054.6695556640625,-2164.38232421875,5416
238.07627868652344,972.6038818359375,6504
1865.2449951171875,395.552978515625,5825
1602.890625,-126.9277114868164,3490
9.678567886352539,76.14042663574219,4096
-63.06181716918945,-43.755165100097656,6615
-33.521575927734375,69.04410552978516,2200
76.7356948852539,2.1749417781829834,4411
801.4639892578125,663.4041748046875,3852
-412.7127990722656,1612.9599609375,4462
1033.7088623046875,970.6072387695312,1743
-1802.769775390625,-505.53778076171875,5380
792.1707763671875,-174.65650939941406,6153
1792.5965576171875,733.598876953125,2093
973.2847900390625,-79.61759185791016,4126
1124.092041015625,-1383.7816162109375,994
-259.5561218261719,-1403.5743408203125,4398
846.7787475585938,-1779.2320556640625,1625
-2630.1923828125,-1001.0800170898438,2895
-970.7081909179688,-1496.6849365234375,3976
-1950.4093017578125,-1179.6417236328125,1418
858.7669677734375,-221.96458435058594,3193
1339.6165771484375,460.9678955078125,2171
-1567.3438720703125,-1354.8614501953125,5767
170.3962860107422,-849.7916870117188,5821
-750.1133422851562,9.614450454711914,2958
-857.1799926757812,-241.08761596679688,2355
-181.5369110107422,1462.25048828125,6374
161.4077606201172,1157.6939697265625,3121
1357.4725341796875,-70.26438903808594,4967
-136.7630157470703,-1970.760498046875,3219
-261.8185729980469,499.3318176269531,3857
1372.3525390625,-538.071533203125,6579
352.50262451171875,-602.2716674804688,4779
-1472.4105224609375,-1114.8121337890625,2202
-1096.7978515625,1621.9552001953125,6154
1140.7330322265625,777.4454345703125,3324
210.54437255859375,821.65087890625,3389
1435.9384765625,-1802.465087890625,2466
-618.4405517578125,-307.46978759765625,4294
675.7442626953125,708.3021240234375,5945
1271.1182861328125,-695.787109375,2683
-1008.24462890625,432.4582214355469,4595
624.30126953125,-506.4981384277344,4794
-64.94921112060547,40.92939376831055,2097
-9.914332389831543,-76.13837432861328,3504
-80.4996566772461,-23.55817413330078,4918
363.1459045410156,-97.30554962158203,5656
1224.5706787109375,-652.92529296875,4863
-1343.151611328125,-934.65185546875,2091
875.5071411132812,-2005.7137451171875,6453
1632.4132080078125,1746.602783203125,4866
-837.74267578125,1261.2677001953125,6258
-41.35717010498047,-1568.3175048828125,3840
-1131.005859375,-884.6640625,3853
-414.11041259765625,-910.1845703125,4520
-121.88134765625,-2052.205078125,4973
810.1553955078125,1809.3087158203125,747
-1113.429931640625,222.95440673828125,3307
-1151.801513671875,1357.9669189453125,3800
-1657.998291015625,1133.35693359375,2904
-1068.353271484375,816.2708740234375,5590
-901.3663330078125,972.0393676757812,3549
1699.8746337890625,-569.032958984375,3735
-25.30083656311035,-605.8768310546875,4593
-895.0167236328125,-1612.4168701171875,6440
-1276.5780029296875,263.09393310546875,2082
353.0491027832031,1114.0921630859375,4517
1609.673583984375,-315.2744445800781,4454
559.6634521484375,-501.2939147949219,6572
-82.04370880126953,1810.1011962890625,5840
1353.64794921875,-133.6588134765625,2547
2601.822998046875,295.62274169921875,3995
-1164.5491943359375,-1525.6864013671875,6449
-1537.6531982421875,1239.5362548828125,2025
1002.4765014648438,599.3759155273438,1145
-451.3888244628906,-1314.1834716796875,2050
347.3628234863281,1925.6619873046875,4836
433.2730407714844,607.2355346679688,2940
-690.5529174804688,1547.6590576171875,2581
-303.7634582519531,949.8202514648438,2896
-699.6215209960938,-1695.656982421875,837
573.231201171875,-94.32786560058594,2045
76.63710021972656,4.220893859863281,78
84.38935089111328,2359.955810546875,3750
-633.304443359375,78.56849670410156,4629
-1714.14599609375,-1142.2738037109375,3336
-135.94677734375,290.1966247558594,3171
2129.7841796875,128.71888732910156,5548
-2206.198974609375,339.4739074707031,4702
1873.5142822265625,-215.4503936767578,843
-514.7333984375,623.8984375,4581
-1298.8634033203125,-433.6862487792969,6013
-1480.2777099609375,-971.1734619140625,5280
432.5255432128906,805.1439819335938,2804
-1780.34521484375,-171.33584594726562,5776
1294.9259033203125,1049.3138427734375,4419
-899.959716796875,-1293.4376220703125,65
-1239.83056640625,-273.1165771484375,2918
-898.3324584960938,-404.6589660644531,432
607.0202026367188,873.6909790039062,2703
321.5133361816406,37.268863677978516,2449
-1466.85205078125,367.9801025390625,1280
571.5590209960938,1582.6710205078125,1583
1233.4150390625,-256.8132019042969,2604
2001.8917236328125,231.21946716308594,3202
1408.6375732421875,-206.08731079101562,5402
-611.9369506835938,-1287.99072265625,6006
-844.2373046875,-1100.4952392578125,4183
1120.078857421875,828.3632202148438,4428
1040.7396240234375,-285.1207275390625,1106
13.054972648620605,2304.498291015625,1175
542.8258666992188,-903.5584106445312,4298
427.2095031738281,33.92438507080078,4062
821.3533935546875,324.3000793457031,989
1382.0216064453125,1012.1183471679688,422
634.5492553710938,-1199.976806640625,211
-1277.581787109375,-854.0371704101562,2956
-991.9946899414062,1524.7459716796875,5009
748.1527099609375,2312.745361328125,5275
-834.048095703125,-723.4647827148438,1312
-205.2970733642578,-728.2565307617188,5789
240.79617309570312,-1106.764892578125,3167
-242.41403198242188,-1497.7139892578125,6530
1135.97412109375,769.5488891601562,5544
-1276.7713623046875,-1251.167724609375,6399
538.0474243164062,-1763.4498291015625,6372
-1157.8546142578125,749.73681640625,3256
-1387.6085205078125,667.9208374023438,1069
-292.4625244140625,-1619.6920166015625,3534
463.0081481933594,909.9027709960938,2566
-32.208221435546875,-69.69886016845703,1501
-73.34203338623047,-22.634193420410156,5480
-728.0516967773438,679.4071044921875,1845
1521.072021484375,-953.8862915039062,4628
80.039306640625,360.6708984375,5812
1199.2099609375,654.6861572265625,1782
189.24732971191406,430.4061584472656,2981
1855.5062255859375,-1060.157958984375,857
-1464.37744140625,-1056.65625,4782
-1968.800537109375,-599.6868896484375,3666
-618.1390991210938,2040.8533935546875,4648
-85.05697631835938,1164.554443359375,5887
-252.87457275390625,-1008.38916015625,1277
-585.2980346679688,-1069.0238037109375,3694
1567.6646728515625,533.1987915039062,4418
-67.0224609375,-208.59780883789062,6373
1436.336181640625,1192.205810546875,3659
812.6235961914062,1556.2896728515625,598
-804.8779907226562,-367.5962219238281,2568
1572.9085693359375,-771.893798828125,5794
-871.9625244140625,1729.9254150390625,3056
-44.783546447753906,-1177.942138671875,5815
1298.5841064453125,786.3070068359375,6055
-1378.0677490234375,679.9379272460938,6509
2117.350341796875,-236.11770629882812,3876
-463.32757568359375,-838.9832153320312,5372
140.85989379882812,985.4802856445312,1934
73.6587905883789,21.572736740112305,3453
-69.41986083984375,-32.76345443725586,5978
-70.07274627685547,-31.337615966796875,5653
-34.6145133972168,68.50724029541016,391
-55.87898635864258,-52.61947250366211,2111
-57.110206604003906,-51.27678298950195,6200
40.70356750488281,65.07174682617188,1070
52.315765380859375,-56.15864181518555,4603
-70.35990905761719,-30.76845359802246,2214
-1939.5250244140625,403.1144104003906,5151
-129.60386657714844,-584.3222045898438,4449
1354.2789306640625,399.5060119628906,5371
-516.5516967773438,1126.3748779296875,3375
-1551.687255859375,1252.05859375,2565
-144.6708221435547,-466.17510986328125,436
131.2860107421875,-1271.5831298828125,3722
0.21400171518325806,-1339.1800537109375,1424
1539.5347900390625,930.8449096679688,4076
1623.3653564453125,14.376776695251465,1763
-982.9383544921875,-1224.2890625,4330
1058.9859619140625,-765.8270874023438,6532
645.0669555664062,-234.92185974121094,4632
-47.99711608886719,876.8114013671875,3278
-1403.227294921875,510.02984619140625,4519
-1033.355712890625,887.4168090820312,3198
532.9788208007812,94.4461898803711,3885
-1344.310791015625,-152.9396209716797,178
-161.0482177734375,323.978271484375,4790
-1194.0384521484375,72.65351104736328,6406
-768.4649047851562,2025.5015869140625,2058
-201.10693359375,-509.9083557128906,4004
-528.1227416992188,-953.0492553710938,2801
991.6671752929688,-1407.59423828125,4173
893.6465454101562,589.8630981445312,80
117.53956604003906,-628.4549560546875,746
-1461.8275146484375,694.806884765625,1581
1336.2078857421875,-336.30242919921875,5575
1039.622314453125,-1104.4715576171875,730
883.8397216796875,-1141.825439453125,3264
11.123037338256836,2046.428466796875,3137
-609.743896484375,581.0439453125,402
474.458251953125,1251.692138671875,4306
2131.29248046875,1220.537841796875,3724
-1510.2135009765625,1026.570556640625,4775
-477.8158874511719,1137.9686279296875,3097
2225.093994140625,-847.3041381835938,4977
928.5219116210938,-1848.801513671875,6431
-522.3726806640625,1758.9222412109375,1520
-382.45135498046875,-68.524169921875,2707
-34.547760009765625,68.61773681640625,1714
76.00119018554688,10.703622817993164,2456
-48.2296142578125,59.70893096923828,4862
-20.74060821533203,73.89939880371094,5766
11.16589069366455,75.9400405883789,5287
-51.85376739501953,-56.60292053222656,5290
-48.64681625366211,59.37016296386719,1140
-172.4921417236328,1703.5093994140625,2721
-1632.409423828125,-826.1826782226562,4597
-437.8777770996094,758.7598876953125,5208
-275.3332824707031,1902.59912109375,6051
1511.04736328125,-581.9564819335938,1088
1518.17138671875,932.687255859375,3223
-395.6832275390625,796.259521484375,3999
-2268.41162109375,1371.2572021484375,5249
2634.27099609375,102.28448486328125,4500
-875.289794921875,-737.5617065429688,3863
81.15857696533203,1288.6331787109375,5185
-144.9373016357422,-92.01287078857422,3162
-66.92696380615234,37.58085250854492,4483
28.477394104003906,71.27276611328125,6044
-70.95975494384766,-29.25931167602539,4759
-121.91581726074219,-319.8092956542969,5163
-1506.7626953125,758.2921142578125,4220
378.1001892089844,-1882.0604248046875,5497
1465.5623779296875,1694.5816650390625,5124
-1662.91796875,70.2856216430664,1303
-108.7812728881836,2096.451416015625,620
332.3575744628906,-1712.8154296875,4886
149.1196746826172,461.536376953125,5975
-1151.2835693359375,263.97998046875,891
-2005.313720703125,-4350.96630859375,3283
268.516845703125,1659.7000732421875,2666
-220.1248016357422,1444.981201171875,2080
-965.5303344726562,-1787.419189453125,4031
616.5836791992188,1046.3360595703125,6513
-287.6076965332031,-1485.1348876953125,6381
-50.70852279663086,-1394.453369140625,6151
-1039.4207763671875,-1729.0181884765625,1968
-973.6622314453125,-237.49610900878906,5529
-1225.6798095703125,-809.8046264648438,3822
-186.19569396972656,1601.72412109375,3964
-1344.238525390625,1445.0667724609375,3229
406.2384948730469,1365.54052734375,1801
1321.653564453125,-526.0286865234375,2700
673.9991455078125,-2207.294189453125,18
1231.54931640625,212.60975646972656,4667
-968.8533935546875,-1979.550048828125,3642
1426.847412109375,-1246.26123046875,6164
-60.84668731689453,-1299.731201171875,2611
-1104.989013671875,-712.4925537109375,4784
77.02761840820312,-46.598243713378906,4666
-527.4547119140625,1619.9788818359375,5666
251.38876342773438,1019.0352783203125,2612
-2013.762939453125,31.28825569152832,5294
78.23542785644531,-289.71307373046875,439
-785.7211303710938,1546.4046630859375,4584
756.226806640625,-1314.59912109375,3873
-1175.8289794921875,-1606.737548828125,6127
-1494.9967041015625,594.158935546875,5317
1519.1568603515625,-658.5554809570312,4765
-1209.7576904296875,105.6868667602539,895
1994.8507080078125,-119.77088165283203,5300
465.9773254394531,-1373.948974609375,5453
-321.98016357421875,289.4725036621094,3951
1182.3114013671875,-1378.06884765625,4996
-1298.69775390625,774.6055297851562,6197
-1470.54296875,1279.053955078125,5566
-824.4995727539062,-703.4586791992188,4128
580.8013916015625,1405.050048828125,4810
-537.8818359375,-93.94770812988281,3917
92.17034912109375,703.2730712890625,1906
-1740.272216796875,-1625.726318359375,5112
901.130615234375,1212.9954833984375,1515
-146.082275390625,308.8235778808594,5079
-814.1300048828125,862.4849243164062,4923
1238.4837646484375,-1395.679443359375,4876
1071.142578125,-1318.748291015625,4825
705.9660034179688,1707.3621826171875,5740
-1410.84814453125,796.251708984375,2364
75.23124694824219,98.53592681884766,3484
145.2393035888672,-1792.01171875,5989
-1137.1727294921875,-739.4111328125,4824
-1529.93603515625,313.1396484375,3671
-464.6616516113281,1921.71533203125,5640
295.55877685546875,1442.501220703125,5436
-650.2874145507812,-644.4528198242188,3463
1830.3038330078125,-176.61581420898438,4036
150.45553588867188,-2050.278076171875,6029
-540.4932250976562,-1059.3865966796875,5140
-1367.4781494140625,849.6959228515625,3388
845.5037841796875,-168.50167846679688,2711
1369.232666015625,1055.839111328125,3068
-1561.6837158203125,923.8040771484375,3318
29.94265365600586,-456.60113525390625,5618
451.4075012207031,-1738.195068359375,4152
-1571.9381103515625,-889.8782958984375,5964
838.376220703125,30.014997482299805,2102
715.33251953125,-1057.5296630859375,892
-1707.6651611328125,-746.22119140625,1753
-1439.608154296875,2073.59326171875,4887
1098.2603759765625,863.2138671875,5059
936.6665649414062,-331.5332946777344,4749
122.87818908691406,1301.4656982421875,627
2199.398193359375,-737.0331420898438,431
185.3858184814453,747.8175659179688,3460
1201.4639892578125,-1033.716796875,5922
-693.4728393554688,405.5476379394531,4989
-1765.48779296875,-1478.32470703125,6478
-730.3311767578125,-1643.0062255859375,2632
-1219.13671875,423.10357666015625,3501
1078.343505859375,-1520.24853515625,2558
-564.7398071289062,1266.494140625,4690
68.32499694824219,-656.09912109375,5344
-596.8311767578125,465.8040466308594,2397
-1612.847412109375,376.667724609375,4249
-1283.927978515625,1096.9017333984375,4781
909.9697875976562,-1537.730224609375,2208
-947.8007202148438,-874.63427734375,2964
1136.6165771484375,-1045.951904296875,1499
-1907.0599365234375,-1.6744606494903564,6667
283.4991455078125,393.9830627441406,5875
459.4651794433594,-1711.792724609375,2042
367.33197021484375,-226.8917236328125,6636
612.64306640625,222.1254425048828,4615
-1023.9371948242188,-438.9225769042969,6185
588.6839599609375,1375.4248046875,62
1179.304931640625,-475.1664733886719,4208
471.1893005371094,-1580.7335205078125,2340
-897.072021484375,855.5758056640625,5040
1412.436279296875,700.1314086914062,2569
-692.974609375,-1855.9566650390625,4082
889.8342895507812,442.69415283203125,5459
-186.2118682861328,-1367.2127685546875,4406
1061.719482421875,1380.2376708984375,5547
-263.35833740234375,-218.7394561767578,2131
-381.7673645019531,1732.885986328125,5636
1095.6170654296875,1372.8150634765625,4631
-522.3179931640625,-303.8037414550781,395
1057.9627685546875,-1473.2579345703125,5972
-1558.2115478515625,-1150.1759033203125,3897
792.8990478515625,-1007.3023681640625,2796
76.83997344970703,-1099.6759033203125,1545
1742.785400390625,213.32337951660156,4335
-1808.2685546875,-1202.283935546875,5780
-1578.2059326171875,-239.4688720703125,6430
2057.12255859375,4.114365577697754,3063
158.79544067382812,715.263916015625,2685
-1277.5511474609375,-197.0033721923828,5684
1035.8563232421875,-468.2253723144531,2309
965.9271240234375,-666.3506469726562,5002
-2737.25341796875,1066.7696533203125,885
1961.4189453125,-712.428955078125,3335
-110.20880889892578,558.4513549804688,5778
229.5159454345703,1861.689208984375,622
-1939.0931396484375,124.59233093261719,2863
-1257.3292236328125,-409.918701171875,2730
2652.905517578125,368.3074035644531,5574
400.2325439453125,395.72625732421875,5319
1585.2529296875,147.4659881591797,3500
58.683860778808594,-1712.908935546875,419
-1056.873779296875,-82.1402816772461,3713
300.11553955078125,-1748.8839111328125,5690
917.292724609375,1206.8524169921875,5064
-960.5880126953125,1391.0235595703125,3916
1765.5260009765625,66.2142333984375,404
1337.4161376953125,-1254.173095703125,2482
-87.32896423339844,1840.45556640625,6178
1438.2410888671875,-1003.143798828125,3651
-824.56396484375,-1211.80712890625,3526
2320.267578125,1266.53759765625,5001
-385.8425598144531,-253.30247497558594,4755
-867.0491943359375,-370.0110168457031,4350
1187.4229736328125,-1591.3870849609375,2318
-898.5134887695312,1338.356689453125,3562
-330.4154052734375,-2372.840576171875,3719
-1241.2037353515625,13.510106086730957,3224
-1954.4906005859375,259.6034851074219,2670
1066.41259765625,-1308.3648681640625,2957
-86.22756958007812,-984.3775024414062,4798
-2596.855712890625,-396.5710144042969,3903
-0.6197674870491028,1578.5606689453125,4417
1949.42724609375,-1021.8143920898438,5326
745.537109375,-694.9034423828125,191
-189.56373596191406,1352.8197021484375,1913
-915.9778442382812,-1499.7252197265625,4038
-130.95162963867188,809.270263671875,4558
1309.8426513671875,-188.72747802734375,2631
-770.3985595703125,-726.1369018554688,1162
1374.396728515625,1118.9288330078125,1485
844.0108642578125,1254.1859130859375,3993
-1506.9002685546875,301.36602783203125,4115
920.6337280273438,-2222.255859375,2489
100.6121597290039,-1119.4185791015625,2684
1094.4423828125,425.8514709472656,4174
-1450.2801513671875,-20.553876876831055,4805
-2146.084228515625,1041.197265625,4217
922.3037719726562,1164.8819580078125,2504
1230.61669921875,688.0468139648438,5235
1298.3114013671875,604.7019653320312,4780
671.3272705078125,-1081.9246826171875,5944
1261.415283203125,988.3812866210938,4803
-1355.9833984375,2305.578857421875,6560
832.4008178710938,-1752.896484375,2134
1493.0484619140625,1307.368896484375,2537
-542.8348999023438,-1898.741943359375,4117
-190.57606506347656,-381.7474060058594,4334
1241.552490234375,-626.7855224609375,2989
-1935.344970703125,283.0420837402344,4059
1718.3515625,1091.57568359375,2583
-1538.174560546875,72.26070404052734,4522
225.33155822753906,-1524.5611572265625,320
1829.276123046875,-1382.503173828125,4693
-1665.0323486328125,-714.8008422851562,6420
184.65696716308594,-1007.7402954101562,5464
643.3961791992188,-1840.9808349609375,2204
758.256103515625,-385.0580749511719,6429
1143.7930908203125,-925.6905517578125,6352
-59.69071960449219,1548.714599609375,5847
-605.7777099609375,-1578.483642578125,3587
-641.0900268554688,-595.0457763671875,392
-1516.864990234375,1024.6893310546875,3705
-1199.8680419921875,734.2564086914062,5530
1210.20654296875,1098.46728515625,3302
-147.8924560546875,1225.330810546875,3612
236.7646942138672,-275.33642578125,3595
-535.2579345703125,1065.0767822265625,1774
1790.640380859375,-1275.2481689453125,4080
-1343.781005859375,-1309.82275390625,20
878.3383178710938,-379.830810546875,2616
-50.843509674072266,95.43045806884766,1956
71.54072570800781,27.799236297607422,4795
-75.40302276611328,-14.338899612426758,5873
-349.426513671875,22.759809494018555,2794
-2192.921875,-291.48291015625,3992
-464.53680419921875,-1414.4573974609375,420
533.552978515625,689.0963134765625,2207
-1121.63623046875,-1112.009765625,5833
190.08119201660156,-1414.2977294921875,5485
-527.5577392578125,1718.537841796875,6032
963.0721435546875,-615.63916015625,1560
745.267578125,-1432.1580810546875,3418
-976.97119140625,-199.18214416503906,6207
211.11505126953125,127.55632781982422,4425
-1732.8330078125,1000.5379028320312,6336
58.736690521240234,-1240.7213134765625,2414
-879.50439453125,-1408.2421875,89
-763.4633178710938,945.3713989257812,5104
565.783447265625,-695.0218505859375,3255
-1574.087158203125,1142.79248046875,3315
1167.1318359375,-791.9581298828125,1850
-420.2212219238281,-585.2118530273438,1776
1433.8294677734375,-589.392578125,4571
1885.5972900390625,-110.63394927978516,4138
144.76869201660156,220.10728454589844,4219
-439.92156982421875,-987.7295532226562,5560
802.7908325195312,-1431.0050048828125,3474
-548.7134399414062,-1833.151611328125,2762
-2295.9697265625,427.4580078125,5912
-49.96156692504883,356.32440185546875,4122
-17.73103904724121,74.68736267089844,6517
-230.9898681640625,164.03565979003906,5869
416.361572265625,-1590.835693359375,4870
-383.3204345703125,-1725.5386962890625,430
-1076.6031494140625,1484.978271484375,2110
227.24668884277344,1017.7440795898438,623
291.3304443359375,674.2136840820312,2149
-142.4995880126953,-1237.9912109375,4433
1124.594970703125,-657.1797485351562,1362
-531.3577880859375,1326.423828125,91
270.3587951660156,-1318.4703369140625,4314
913.2348022460938,1754.7532958984375,3320
-252.86764526367188,1695.5909423828125,2511
-1110.904052734375,1019.9757690429688,3609
1187.315185546875,-852.841796875,6590
530.62451171875,1563.3048095703125,3717
-630.2764892578125,335.63702392578125,4098
1912.0,-902.0353393554688,3132
932.1092529296875,498.0620422363281,958
344.1435546875,415.15673828125,5131
-440.78497314453125,-839.8967895507812,2480
-1026.4608154296875,-1788.3955078125,1953
1562.601318359375,677.4091796875,5756
931.7835083007812,1680.3486328125,6003
-890.867919921875,-574.2119140625,5074
-489.64556884765625,-1124.3631591796875,4280
1266.0728759765625,512.3602905273438,6474
1426.990234375,449.1735534667969,1831
153.4691925048828,149.67636108398438,4482
2524.053466796875,629.9093627929688,1139
-510.7725830078125,1744.6259765625,3635
839.177734375,-1457.099853515625,2323
-1757.6641845703125,-1282.6700439453125,791
717.275146484375,-775.45947265625,3088
-1063.1302490234375,-1121.8912353515625,1142
893.2485961914062,639.31103515625,5700
-460.3464660644531,1316.3309326171875,6220
-954.2659301757812,425.7359924316406,441
1305.8956298828125,-1329.6070556640625,6218
204.1320037841797,613.5972290039062,1012
1085.822998046875,-935.5213623046875,4662
2006.1817626953125,267.377197265625,5745
-101.16429138183594,373.9300231933594,2515
-1141.1983642578125,313.9180603027344,2833
1292.4566650390625,637.6635131835938,2267
-953.8907470703125,1475.265625,3810
581.0517578125,152.8598175048828,6033
-2297.795166015625,226.6612548828125,5078
-256.34765625,2240.006103515625,569
360.9949035644531,812.0235595703125,4050
286.9080505371094,-231.1800079345703,4754
-1759.9521484375,723.7781372070312,3339
-1189.716552734375,1098.3880615234375,5817
-1090.6104736328125,1133.419677734375,3303
-440.8583679199219,1837.498046875,2211
1003.0462036132812,2176.173583984375,368
-1198.390380859375,859.5052490234375,1014
329.18994140625,1689.6806640625,6059
1687.1815185546875,-686.480224609375,4934
-339.12664794921875,-629.067138671875,1468
-1271.8798828125,-587.6937255859375,6588
1240.7640380859375,958.8585815429688,5028
-1385.3564453125,-1196.275146484375,2328
-1262.9500732421875,682.8776245117188,4588
1949.266357421875,133.36618041992188,2159
-1151.140380859375,-622.2091674804688,6016
1406.30322265625,-265.8771057128906,350
1406.03076171875,478.8392028808594,4542
-318.64691162109375,-1799.630615234375,4925
-691.5772705078125,706.3607788085938,5024
-309.8856201171875,929.3736572265625,3192
-845.2684936523438,-1212.5421142578125,3802
1416.37109375,877.3446655273438,4362
293.61944580078125,-1662.1116943359375,650
3419.432861328125,-1618.596435546875,2409
215.01068115234375,1257.7037353515625,3816
390.7620849609375,-249.2854461669922,4329
1521.74462890625,2844.7265625,2287
-1675.068359375,-252.34567260742188,109
913.658935546875,-1485.7156982421875,2789
-753.5072021484375,1294.8802490234375,3901
413.7005615234375,1594.9862060546875,540
51.58960723876953,1641.5111083984375,2561
-470.9291076660156,29.339719772338867,6237
66.43697357177734,1825.76025390625,5774
821.84228515625,1451.7154541015625,3362
1298.405029296875,-1254.6226806640625,3110
-1476.000732421875,-122.71578216552734,3690
1018.5048217773438,-1414.889892578125,4215
564.6460571289062,-283.197021484375,1900
2016.0484619140625,567.6327514648438,381
1325.121826171875,-667.1826171875,1100
22.840660095214844,-1723.157470703125,110
653.949462890625,-1262.028076171875,6463
928.253662109375,-1115.8458251953125,3281
-2038.1160888671875,-103.55313110351562,3359
189.25259399414062,-816.1514282226562,4811
1249.343017578125,-838.7738037109375,2560
566.4332885742188,1111.443115234375,6338
1686.8270263671875,1926.34326171875,5967
1670.6270751953125,-597.8497314453125,2856
70.3809814453125,1681.1759033203125,2170
434.24798583984375,-964.6520385742188,4797
-733.1953125,1694.653564453125,2220
-1534.0177001953125,1490.27197265625,5639
1242.021484375,-631.59619140625,6339
1264.1422119140625,-844.3731689453125,268
-1739.475341796875,905.5335693359375,4736
1969.9090576171875,444.39215087890625,6652
-546.4619750976562,97.27267456054688,1484
-231.32391357421875,1943.8519287109375,723
-915.4215698242188,-1221.602294921875,6417
781.4259643554688,1182.2974853515625,4221
-1388.1839599609375,-414.9310607910156,3410
336.08819580078125,1565.36279296875,5451
-14.219042778015137,-545.8079223632812,4877
738.6766967773438,1462.8760986328125,568
758.5826416015625,539.6129760742188,2983
959.7372436523438,-1207.6339111328125,2977
-97.06814575195312,-1682.4725341796875,2655
23.20955467224121,975.64306640625,4295
1677.4862060546875,-298.68109130859375,6565
-2403.984619140625,-1610.8802490234375,2106
1190.154296875,349.4201965332031,4776
399.7288513183594,-1714.4658203125,2283
-14.953451156616211,-2229.7919921875,4455
1224.6572265625,1233.7823486328125,4258
-1739.9306640625,-224.9360809326172,2442
-1570.6658935546875,-40.10844802856445,5750
-520.9572143554688,-441.8370666503906,6610
-1026.6319580078125,-1805.090087890625,2320
1104.3341064453125,-688.9396362304688,3572
-597.2543334960938,-95.52977752685547,1955
2955.99072265625,-705.2841186523438,6036
-1785.8721923828125,390.7237854003906,1783
-765.3628540039062,-1874.977783203125,2335
1745.323974609375,997.2108764648438,3100
-1787.2550048828125,-11.957138061523438,52
298.4760437011719,-221.3000946044922,509
419.7989196777344,-1854.163330078125,5859
1016.8056030273438,1628.465087890625,3538
-231.8040008544922,-942.8809814453125,2500
-354.46197509765625,-351.6304931640625,5911
-1423.614501953125,13.671979904174805,3087
1383.5565185546875,1095.3052978515625,5677
-1217.5537109375,-777.9853515625,1462
1410.8040771484375,-861.5112915039062,5047
309.73919677734375,2217.7490234375,3417
-25.804452896118164,661.2542724609375,5063
-47.8685417175293,1774.5030517578125,6103
1082.4300537109375,-1127.0072021484375,2383
369.86065673828125,1310.1500244140625,4623
637.7303466796875,1757.0455322265625,1439
-509.5926513671875,-1639.9354248046875,2679
-2162.8916015625,611.162353515625,4931
1571.1988525390625,990.3768310546875,5841
-1917.9490966796875,23.947433471679688,2273
1040.844970703125,1222.4468994140625,3428
-765.4322509765625,-1493.20751953125,3598
1504.2664794921875,-842.8566284179688,3391
14.21839427947998,1237.4752197265625,4957
30.714263916015625,-1578.5660400390625,1832
1164.0439453125,-841.4445190429688,1446
-24.943452835083008,-930.8622436523438,5160
1473.5423583984375,-575.3369750976562,3546
1260.493408203125,-1242.1201171875,518
-1766.805908203125,-253.14773559570312,5872
1663.3255615234375,-63.72806930541992,5231
-1399.294189453125,270.3524169921875,5247
906.7266845703125,81.16666412353516,2939
400.2926330566406,-61.00176239013672,4620
-756.0858154296875,729.6286010742188,6597
-773.44287109375,880.3712158203125,3323
-554.6463012695312,1076.72412109375,2708
1244.540771484375,190.00982666015625,2534
-275.3611755371094,-396.1916198730469,4412
553.1142578125,-232.82798767089844,4801
-866.18017578125,-1148.1248779296875,1542
-318.9307861328125,-1066.7042236328125,3468
1197.5386962890625,-223.2671356201172,951
457.60205078125,1567.6785888671875,2832
-945.7334594726562,594.9691162109375,1760
-618.491943359375,-1227.9569091796875,2888
-736.3116455078125,-1771.062744140625,3431
303.1434326171875,-954.7424926757812,4600
-185.7545623779297,1718.5986328125,3718
-363.92755126953125,2043.302734375,2440
-232.5417938232422,-253.75564575195312,2555
1746.09716796875,1354.7347412109375,2765
-996.6504516601562,-1016.5635375976562,6369
172.2738037109375,-78.07096099853516,6472
72.98088073730469,26.213348388671875,6100
1112.7021484375,707.6138305664062,5173
1080.0294189453125,1127.0079345703125,4371
-2260.982421875,533.7457885742188,1400
112.40946960449219,2038.08447265625,5641
-281.5704040527344,35.95643997192383,3430
10.616242408752441,76.01288604736328,1388
541.1558837890625,91.63540649414062,6625
1130.106689453125,-970.869873046875,5752
279.5318298339844,477.06549072265625,2543
1576.529296875,189.31893920898438,1237
1012.8496704101562,-277.5855407714844,3048
6.072608470916748,-2136.3046875,6550
1221.9833984375,1029.0052490234375,6112
-292.26739501953125,344.77838134765625,4285
-958.5462036132812,11.826927185058594,3064
-437.5107727050781,408.526611328125,3503
-173.85047912597656,1061.5823974609375,1437
559.0604858398438,-587.4794311523438,5313
-761.6314697265625,-917.8121948242188,6614
182.73037719726562,-1436.8502197265625,5695
-1411.388671875,598.85205078125,2405
-181.5041961669922,-1842.6168212890625,1885
57.40306854248047,783.4977416992188,56
590.2349853515625,-1030.6075439453125,5850
-1167.1363525390625,1648.811767578125,513
-946.0936279296875,-804.3284301757812,2671
791.7191162109375,-448.7920227050781,2514
1010.1724243164062,844.799072265625,53
1292.9603271484375,-672.9404907226562,3643
67.40636444091797,1420.4371337890625,1324
1788.5753173828125,-1122.0074462890625,3340
-1470.5999755859375,106.71686553955078,3052
-1410.9439697265625,907.6526489257812,4292
898.7762451171875,-824.2159423828125,394
-1841.271728515625,-875.25048828125,5271
889.1748046875,1634.8394775390625,4394
-774.5045166015625,-687.77392578125,4872
-1074.1068115234375,691.5452880859375,6097
-37.466976165771484,-1301.6243896484375,1463
-935.7891235351562,-491.1816711425781,2550
366.3702697753906,-1497.6182861328125,4990
752.9940185546875,1637.494140625,424
-804.6321411132812,-682.4784545898438,2793
-1687.79736328125,1036.8280029296875,1239
848.5772094726562,-164.29074096679688,6099
579.6966552734375,672.0017700195312,5596
-20.522890090942383,-1716.0987548828125,5091
-58.883766174316406,259.197509765625,3450
1454.66015625,1088.6766357421875,1604
-1183.489013671875,-1467.6246337890625,1278
-84.20120239257812,127.61164855957031,2488
1459.98291015625,-94.84465789794922,1190
-1291.6708984375,-1102.8204345703125,3422
-835.9606323242188,1113.317626953125,5392
1660.4547119140625,305.00543212890625,3657
-1379.5936279296875,902.9244995117188,5045
-1734.79248046875,-634.593017578125,4540
-1469.349365234375,795.8203125,4946
-138.43397521972656,-88.22405242919922,2444
-741.726318359375,1707.1065673828125,4845
-618.8009643554688,-601.8380737304688,4617
-72.70065307617188,-1558.4354248046875,4933
1935.263427734375,63.311832427978516,4949
-701.4232788085938,2002.8170166015625,5433
-1499.6956787109375,709.5475463867188,5550
1476.753173828125,810.9239501953125,3762
1073.7879638671875,-345.2232666015625,1570
-762.16748046875,632.3972778320312,2476
-337.4872131347656,1636.3458251953125,4545
1860.149169921875,-291.1182861328125,2874
373.90692138671875,931.9981689453125,3102
-1239.7769775390625,-713.6839599609375,2638
593.6251220703125,563.759521484375,3680
-1778.4036865234375,-92.49456024169922,437
1209.649169921875,592.8099365234375,3027
245.41810607910156,1056.35791015625,3258
-1621.6136474609375,-662.6829833984375,6109
-1125.576171875,-699.607666015625,3512
-635.0826416015625,-724.7637329101562,3092
-1179.155517578125,517.36669921875,3271
-379.2479248046875,-1354.8907470703125,4431
-1694.2152099609375,-1846.6890869140625,3075
100.504638671875,-222.4847412109375,2144
15.629560470581055,-990.8221435546875,6320
-1748.3365478515625,993.3082275390625,5456
780.1451416015625,1265.4737548828125,2201
-1726.513427734375,-208.68817138671875,4207
-1380.185791015625,-577.3174438476562,2639
0.12757834792137146,-412.1032409667969,5254
-524.8634643554688,-1209.2489013671875,4807
-1936.0753173828125,-109.06945037841797,3578
1563.759521484375,-1237.0775146484375,3209
1109.5545654296875,875.2398681640625,4637
-920.2431030273438,-969.0776977539062,6031
-65.03768920898438,129.44183349609375,631
-1374.051025390625,-761.773193359375,5890
235.0872039794922,-1483.408447265625,3952
-1650.0015869140625,700.0029296875,4842
1716.7059326171875,-10.350953102111816,5176
-1965.5574951171875,499.0226745605469,4452
-611.2208862304688,-1169.4759521484375,2842
-1724.1513671875,-101.29582977294922,2114
-1027.7650146484375,402.239990234375,2990
-437.9254455566406,-1854.606201171875,3809
553.8892211914062,-210.6125030517578,4859
-281.28765869140625,287.56402587890625,2496
2269.750732421875,590.0335693359375,6287
-119.77057647705078,17.741056442260742,3480
-19.39055061340332,74.26589965820312,1296
-482.1881408691406,-105.3542709350586,2099
5.618344783782959,1752.905517578125,2548
-92.62649536132812,-1804.911376953125,5898
-804.8812255859375,-850.507568359375,1995
-1194.186279296875,-5.130499362945557,4855
-1478.927490234375,-125.5591812133789,5901
-764.6307983398438,1563.1724853515625,2263
-327.36395263671875,1146.9752197265625,4599
-684.5800170898438,1008.4379272460938,43
-1536.041015625,-553.8878784179688,4312
1104.4503173828125,-971.7886352539062,1636
-635.0957641601562,715.9359130859375,3656
-1250.35205078125,979.3587036132812,4559
-172.2112274169922,1134.6456298828125,3550
781.5623779296875,323.30712890625,2125
51.96900939941406,-61.931514739990234,6577
60.25857925415039,-47.5359001159668,3366
58.47319412231445,49.714664459228516,3851
-1195.5440673828125,-862.7308959960938,4384
2202.421630859375,-1037.031005859375,2329
-525.6830444335938,-939.2233276367188,5252
-41.57413864135742,-827.4048461914062,4536
1838.464599609375,1697.5140380859375,5248
-877.9893188476562,-1620.5657958984375,4432
99.44007873535156,1164.1741943359375,2427
32.48785400390625,2798.116943359375,5954
963.8152465820312,73.39562225341797,1201
167.47238159179688,-1883.8543701171875,1528
-124.29153442382812,1336.1649169921875,2758
-341.48828125,-261.98138427734375,2259
-1599.456787109375,166.72674560546875,1009
592.3910522460938,315.07635498046875,5475
389.2165222167969,1148.4141845703125,2453
-991.1590576171875,-611.14697265625,3647
805.068359375,-1033.8709716796875,5352
894.2421875,775.4990234375,6295
-1178.8031005859375,-569.2293090820312,2702
102.90670013427734,616.0999755859375,5146
633.3819580078125,1164.643798828125,2962
-450.099609375,1572.4595947265625,3887
1936.1444091796875,1144.181396484375,3567
928.146484375,-186.25633239746094,5669
76.60200500488281,-4.839768886566162,369
796.494384765625,-1080.02490234375,3390
-598.2347412109375,1077.3531494140625,3602
-1427.38525390625,1241.608154296875,4468
1044.2396240234375,1069.32763671875,1637
1052.0565185546875,-897.3074951171875,4541
465.4671630859375,-352.2824401855469,2512
-372.37432861328125,-809.2684326171875,619
-74.134033203125,-1163.523193359375,225
307.0797424316406,-1447.8359375,1464
-1567.103759765625,-485.1583251953125,3540
-972.8619384765625,505.0758056640625,1650
275.6681213378906,563.6609497070312,3585
-1221.75537109375,29.186315536499023,5384
-1256.5499267578125,1579.3896484375,6195
-1635.7591552734375,931.82666015625,5518
460.7637023925781,1249.971435546875,4802
-163.38015747070312,1741.0064697265625,2172
1176.2645263671875,-1200.8895263671875,6593
-1542.1749267578125,765.1449584960938,2416
-232.18075561523438,-1032.794677734375,3899
-936.2007446289062,-1243.7125244140625,2095
-1547.68798828125,-217.3395538330078,6027
-3588.3310546875,4274.23876953125,1037
579.5172729492188,1906.208984375,4267
1171.6793212890625,-761.8523559570312,3326
-1591.495849609375,777.4532470703125,4713
319.7442932128906,1200.0389404296875,6486
920.5886840820312,-247.63616943359375,2823
-260.9568176269531,678.207763671875,6409
245.29176330566406,-247.7403106689453,6477
-274.1947937011719,2460.604248046875,1505
411.2528381347656,1681.572509765625,312
-965.9994506835938,267.8829345703125,3236
-999.24853515625,761.5028076171875,5976
-291.74163818359375,1322.9283447265625,2520
-1035.0911865234375,738.0859375,3974
184.0852813720703,958.5196533203125,1089
1730.7220458984375,-1260.411865234375,4125
940.5614013671875,-1717.052490234375,3330
-1519.927734375,-984.544677734375,4739
748.2836303710938,148.32003784179688,3519
-1416.02294921875,941.9903564453125,370
1149.1885986328125,-729.4990844726562,3613
606.7135009765625,1469.228515625,2086
-152.52879333496094,-1065.215576171875,2591
398.880859375,706.630615234375,5895
230.39317321777344,-1129.112060546875,403
-500.9176330566406,1676.43408203125,5483
188.7440643310547,1521.012451171875,3222
816.21728515625,-2500.737060546875,4430
-938.1302490234375,1271.322998046875,929
501.0516357421875,632.3211669921875,3400
1133.4180908203125,783.9249877929688,2151
20.949872970581055,2596.73046875,4773
-1985.327880859375,-887.2911987304688,3859
-9170.1552734375,987.128662109375,4196
-712.0902709960938,-107.4518814086914,2919
-809.0192260742188,1132.63671875,4641
1759.6219482421875,1154.7239990234375,6343
-1289.9813232421875,-1162.840576171875,4351
-547.200927734375,-59.6772575378418,5769
267.33502197265625,1041.7374267578125,4902
677.7160034179688,906.6016845703125,5765
620.2481079101562,-869.4663696289062,5784
1027.69775390625,-1220.3065185546875,3014
-274.69073486328125,999.8715209960938,4025
1446.5927734375,1096.3167724609375,5571
687.5319213867188,199.2306365966797,123
1015.3054809570312,-514.7725830078125,2270
1214.2786865234375,-889.2998046875,6289
-1869.8294677734375,-786.502685546875,2637
142.03294372558594,-1733.253173828125,2739
2268.725830078125,450.3596496582031,3358
769.1734619140625,-1406.02685546875,6254
-1739.61669921875,-404.2022705078125,5221
-1487.1202392578125,-541.7916870117188,6251
1498.860595703125,-209.7733917236328,3542
1031.5938720703125,-1180.25439453125,3218
-3.494436264038086,-757.6358642578125,1027
-1246.798583984375,-596.928466796875,3829
546.6719970703125,-1215.0401611328125,4734
1669.940673828125,1421.487548828125,6133
-1187.343017578125,-455.244384765625,5883
-1276.8155517578125,-1336.82568359375,3317
-1647.2432861328125,755.2490234375,3409
-1387.40234375,-696.8251342773438,3914
88.4975814819336,1413.1923828125,3780
758.8478393554688,-653.01708984375,1285
-1555.8243408203125,-807.60498046875,96
3035.36328125,1221.00634765625,4976
-879.72998046875,1171.43798828125,3250
-599.1525268554688,2347.105712890625,3119
-1715.11767578125,-413.607177734375,5005
-562.4515380859375,1561.1690673828125,4543
863.6708374023438,1268.843505859375,4311
-1318.90673828125,-584.4071655273438,5846
624.2108154296875,1308.159912109375,6048
-305.9741516113281,801.0849609375,6177
35.2354850769043,-1180.79150390625,5419
-1103.214599609375,-664.6500854492188,5786
1596.950439453125,286.4678955078125,3991
-234.41758728027344,-900.0379638671875,5716
-1212.3045654296875,-714.5718994140625,2680
190.849365234375,216.2445831298828,4550
-1089.3206787109375,253.1294708251953,2112
-449.65899658203125,1204.249755859375,789
603.02099609375,-1133.189697265625,6620
-1811.357421875,894.9356689453125,4456
-981.552001953125,884.5328369140625,3338
-1323.44384765625,826.545654296875,3984
-767.5505981445312,-981.8489379882812,5900
1322.5089111328125,-704.9362182617188,2855
-1153.2420654296875,972.7005615234375,1993
-1844.6475830078125,-360.9789123535156,2447
-848.6431274414062,-886.46337890625,3551
-1431.5303955078125,220.36907958984375,4369
1097.4346923828125,-664.5208740234375,5683
-655.0996704101562,1624.1717529296875,4660
836.897216796875,1287.2813720703125,3348
-581.9103393554688,1686.5762939453125,5328
1495.38671875,-276.09619140625,273
630.6666259765625,136.57110595703125,923
648.8436889648438,781.9849853515625,4381
-48.61225128173828,513.4487915039062,2813
-708.666015625,-932.2115478515625,2544
1107.6719970703125,1644.3634033203125,1041
398.562744140625,1074.97509765625,4579
922.3197021484375,-392.25201416015625,6121
-2511.993896484375,12.983281135559082,4903
799.7478637695312,-1627.512451171875,6245
-1056.27197265625,1253.58642578125,2255
1216.9130859375,-1194.3428955078125,6150
-259.3565368652344,-337.16314697265625,6389
1559.402099609375,-352.635498046875,3124
-962.5057983398438,-1072.06640625,3316
170.16587829589844,-1193.5133056640625,6145
-801.2802734375,946.9016723632812,3378
-412.864990234375,-499.1168518066406,5174
-1332.31591796875,-262.160400390625,4434
-1342.377197265625,-808.3174438476562,4278
-1733.8614501953125,147.68589782714844,418
-938.0609130859375,-1318.5372314453125,5038
-1737.8310546875,320.27691650390625,5209
512.4760131835938,1601.937744140625,3527
-1188.87939453125,-1648.852294921875,5953
245.5205841064453,2083.881591796875,4919
240.4266815185547,1384.0078125,3658
486.76214599609375,-1608.4384765625,6484
-91.31563568115234,-95.78105926513672,4006
968.2719116210938,492.0589904785156,1235
1450.290283203125,-279.4667053222656,6368
-604.7987060546875,-996.8099975585938,919
933.2379760742188,-556.36572265625,2108
3076.559814453125,189.8498077392578,26
434.55340576171875,1240.128173828125,2443
654.6597900390625,1235.9383544921875,2459
1798.151123046875,-463.87786865234375,4642
-319.3055725097656,-465.8770751953125,1725
340.23040771484375,-1062.3011474609375,1019
618.7192993164062,-1589.3145751953125,6234
1944.6795654296875,757.894775390625,1665
-1041.0069580078125,-514.306884765625,5674
1015.2591552734375,-1025.724365234375,2549
-918.7529296875,-1851.5887451171875,6465
524.4650268554688,-572.578857421875,5219
-696.4488525390625,693.4391479492188,2557
-315.9457702636719,-549.0899658203125,3821
-260.5188293457031,751.2017822265625,5245
205.3946990966797,-1381.4144287109375,6506
43.44585037231445,1205.488525390625,5166
1921.584716796875,-728.2738037109375,6052
659.7371826171875,-4.914211750030518,5523
1115.314208984375,-306.23114013671875,4279
779.7530517578125,1292.608154296875,4453
177.52987670898438,1793.16845703125,2527
234.31692504882812,-529.0721435546875,6633
1665.2515869140625,89.568115234375,2525
1334.350341796875,-215.8433837890625,1340
-1089.4036865234375,-1673.868896484375,1716
126.24543762207031,-373.2999267578125,2384
379.60888671875,1719.0299072265625,1557
725.1265258789062,2307.044189453125,4914
839.8118286132812,578.0094604492188,898
63.33904266357422,45.25651550292969,5706
-87.88938903808594,419.50506591796875,3353
920.83984375,1457.4954833984375,1925
-1229.382080078125,-2068.59228515625,4930
1832.15478515625,-547.4636840820312,3244
894.8815307617188,1345.8914794921875,2182
-943.0213012695312,-114.00536346435547,2402
-838.75390625,1979.372314453125,2881
259.6364440917969,184.15560913085938,1761
-460.0671081542969,-1095.952392578125,2138
769.2177124023438,1580.6280517578125,5986
649.231201171875,556.2989501953125,4019
1024.7205810546875,797.6045532226562,4055
-1206.8682861328125,291.5065002441406,6071
1666.2576904296875,-1091.775146484375,1532
-912.7603149414062,-1041.7108154296875,2649
946.8649291992188,839.1461791992188,1849
2302.465576171875,298.08514404296875,5297
1119.962890625,794.1390991210938,3947
-1719.1934814453125,991.0602416992188,3169
1232.630615234375,337.30377197265625,3766
-1348.64404296875,1072.912109375,3586
1225.8487548828125,1349.92919921875,3646
-168.61241149902344,195.49388122558594,4719
733.6371459960938,-122.01227569580078,4153
957.98291015625,-50.23886489868164,2221
278.2344055175781,-849.3973388671875,2478
1297.73974609375,-2080.224365234375,5508
951.6765747070312,-1418.2718505859375,5830
-2168.282958984375,-169.05667114257812,75
-304.1424255371094,-85.89608001708984,5519
-1305.8758544921875,472.56182861328125,707
1446.382568359375,-607.5360107421875,5332
1375.09130859375,-617.832763671875,4161
-1100.277587890625,831.8486328125,3548
487.4711608886719,610.0260620117188,6217
1636.328369140625,-107.1590347290039,3849
-27.191984176635742,1239.64990234375,6157
-392.8405456542969,-6.157238483428955,1566
-561.80859375,-1563.5128173828125,5214
-438.552734375,-168.6688995361328,3196
-1044.2122802734375,-1259.3704833984375,5427
1146.220458984375,-563.0274658203125,4067
595.5008544921875,897.7346801757812,2953
-381.37725830078125,1253.553466796875,2124
424.3738708496094,-1477.2025146484375,4028
-351.36798095703125,99.55370330810547,2098
160.52256774902344,678.2333984375,5933
-535.9491577148438,-1419.4766845703125,5712
-1128.8961181640625,1410.5213623046875,2014
1601.1343994140625,1081.4688720703125,4970
-1222.300048828125,-1034.344970703125,5394
-94.3066177368164,1314.642333984375,3514
-999.7562866210938,-248.145263671875,4583
628.779541015625,-1241.603271484375,6113
-1713.1041259765625,-502.146728515625,3360
303.7693786621094,-204.48179626464844,2282
-261.0649108886719,-1473.5064697265625,3706
-1064.8848876953125,-1108.2066650390625,5052
1153.6705322265625,-806.5074462890625,6238
15.509531021118164,-1666.640380859375,893
558.7748413085938,1361.7750244140625,383
61.047882080078125,1694.7547607421875,3648
-142.8996124267578,2000.1669921875,5295
-633.9414672851562,-1384.77001953125,6224
1695.6224365234375,-730.7325439453125,1531
403.72882080078125,-550.269287109375,4809
1065.2320556640625,-354.0187072753906,4268
-1319.9813232421875,1616.5966796875,5339
-1757.5361328125,-116.84127807617188,4639
-114.47509765625,1555.013916015625,3615
-1557.338134765625,-695.9275512695312,2179
631.5015258789062,1766.142578125,5905
-515.0928955078125,-770.4016723632812,1389
-977.3316040039062,-1432.9095458984375,6244
-965.24853515625,471.2563171386719,5127
-396.1716613769531,-1540.6688232421875,4723
-1397.671875,206.32969665527344,5474
-769.442626953125,930.768798828125,2866
-1885.2647705078125,53.17810821533203,3154
-1949.4481201171875,-201.77183532714844,856
-708.5413818359375,-1567.686279296875,4163
2138.33203125,1005.18115234375,3472
-1114.9566650390625,-983.3280639648438,1380
-44.34933090209961,-74.8604965209961,1858
1223.237060546875,-162.1251220703125,5397
338.3487548828125,-1344.6199951171875,5961
-1075.738525390625,1654.43408203125,1144
27.910694122314453,1727.3304443359375,5389
-1390.8807373046875,552.2486572265625,3625
-521.8967895507812,-535.4866333007812,4348
-99.6139907836914,1690.81689453125,4509
-1990.294921875,-803.783203125,3746
89.54328155517578,-456.4984436035156,6355
-2063.037109375,835.021728515625,5158
1570.3323974609375,-4086.603759765625,4373
-960.42822265625,105.96582794189453,2908
-1097.8348388671875,1618.6273193359375,2526
-1447.093994140625,-17.11025047302246,6433
-578.9296875,-4.298779010772705,3465
1087.9468994140625,1321.799560546875,1143
1975.412841796875,895.87158203125,765
1295.57275390625,582.8181762695312,3864
-1445.5018310546875,1404.5634765625,4107
-539.8515014648438,-1275.6221923828125,67
-316.4364929199219,-964.7740478515625,3531
-1496.8260498046875,293.1124572753906,4230
456.3755798339844,464.7799072265625,50
147.44117736816406,-192.1031494140625,6081
408.7596740722656,-1220.609619140625,4436
654.7380981445312,-1342.39794921875,5814
-1497.494873046875,-588.60595703125,3208
-2034.288330078125,537.6757202148438,2827
-1350.8055419921875,1116.72607421875,1119
-773.684326171875,-564.2615966796875,81
-1128.6448974609375,519.9876708984375,3166
-956.0860595703125,-612.6633911132812,1919
-773.0562133789062,-635.785888671875,5829
-409.29052734375,-1543.38232421875,4024
-1436.40771484375,-732.0310668945312,6176
53.20622634887695,1715.7188720703125,35
-1051.6802978515625,1340.9425048828125,6385
661.3845825195312,-1128.505126953125,4891
1043.8038330078125,1683.21484375,6105
-696.0743408203125,-247.2995147705078,386
1430.009033203125,131.41763305664062,2590
44.036434173583984,1121.5902099609375,4222
1080.6710205078125,-1569.619140625,2109
1534.9664306640625,226.66798400878906,4972
-429.8760986328125,1428.869140625,2841
258.55328369140625,-1029.17041015625,3532
1074.3380126953125,-650.2665405273438,16
-978.3801879882812,1353.042724609375,2274
259.88665771484375,-264.01580810546875,3407
445.32952880859375,2639.430419921875,4995
117.4083480834961,767.5631103515625,301
27.01782989501953,1523.282470703125,4879
-555.4121704101562,-1515.0169677734375,3399
1235.039306640625,-290.7522277832031,5415
-1263.6512451171875,301.7650146484375,2651
421.6082763671875,-505.0644836425781,5335
1476.421875,373.4222717285156,6130
1531.7242431640625,986.2470092773438,2865
-1060.2181396484375,27.19780731201172,4984
-931.288330078125,1294.84619140625,3253
-378.71044921875,-936.0177001953125,6136
-152.9886474609375,-1509.690673828125,5099
-1336.5296630859375,401.99078369140625,6128
-1091.9024658203125,69.82032775878906,3145
485.2474670410156,-1214.69482421875,5773
1125.8760986328125,1425.26220703125,3900
-879.6146850585938,-1066.5938720703125,5470
-981.2047119140625,-1297.462646484375,3398
-1454.859375,-581.9757690429688,3654
216.21136474609375,73.39634704589844,1274
1125.492431640625,-761.9561767578125,3834
-1675.095703125,518.413818359375,5952
1355.0130615234375,1202.359619140625,2276
820.705810546875,703.1687622070312,371
-129.58901977539062,-975.4330444335938,5439
-416.7528991699219,-880.624267578125,5164
-825.5287475585938,-614.713623046875,5627
-1417.2232666015625,-740.013916015625,995
1818.59130859375,415.2920837402344,4589
-1829.6707763671875,202.52806091308594,3086
160.2086181640625,965.901123046875,5003
-1030.2674560546875,114.37287902832031,2911
-448.73345947265625,-545.4296264648438,4932
1372.728271484375,116.34581756591797,1174
-1090.017578125,372.52386474609375,41
1370.697509765625,-710.2987670898438,3814
908.8114013671875,-580.59130859375,5378
-1422.5361328125,88.38895416259766,5369
636.8480224609375,890.4336547851562,4740
-2257.505615234375,142.01304626464844,5253
-1047.1851806640625,-611.5263671875,3156
-832.7254638671875,-1729.3636474609375,5082
588.3271484375,-1051.632080078125,4469
-1120.62060546875,-155.16546630859375,4427
-808.0585327148438,320.8072509765625,3031
523.6610717773438,699.2424926757812,948
1393.161865234375,-764.9310913085938,5098
1486.3736572265625,1180.82568359375,2924
-134.88128662109375,1734.0543212890625,4160
-1164.9925537109375,378.6256103515625,2574
234.3155975341797,93.634765625,5775
-21.018478393554688,233.65667724609375,4290
-2462.18896484375,-736.2731323242188,4332
102.49867248535156,-1301.143310546875,3945
1012.0518798828125,-1489.031982421875,2070
932.4393310546875,-1430.1119384765625,2630
-1451.201171875,13.297484397888184,5910
-1560.72119140625,1213.5191650390625,3841
577.31689453125,1273.845458984375,3747
264.1024169921875,-976.8699340820312,3745
1351.878173828125,81.62076568603516,2835
-1389.579345703125,-406.9111022949219,40
-1364.9332275390625,1415.587890625,5805
566.8069458007812,-1140.98876953125,4737
25.144596099853516,220.890869140625,1901
-816.3261108398438,-398.1827697753906,2192
780.0834350585938,-1570.7894287109375,3155
1522.943115234375,-1785.630615234375,6106
-1553.3487548828125,-995.508056640625,4466
1010.37939453125,-823.3495483398438,6148
-1623.1856689453125,-398.5184631347656,4146
-100.19164276123047,1230.9483642578125,5420
251.3046112060547,1694.1900634765625,4181
71.88993835449219,173.25706481933594,3639
1522.7005615234375,2.2532615661621094,5801
831.0747680664062,-2362.534423828125,5971
81.04608917236328,313.9186096191406,4913
203.40431213378906,-78.09500122070312,6171
710.5897216796875,-864.5465087890625,6322
-764.4595336914062,1397.93798828125,4853
1426.7796630859375,48.94873809814453,5471
-123.83857727050781,-294.1099548339844,2914
-1086.534423828125,471.0882568359375,6089
-1298.37255859375,-465.6778869628906,4618
169.54476928710938,1495.80859375,3777
-733.9281616210938,1649.210693359375,5601
-674.14501953125,-1488.3529052734375,1739
-391.3160400390625,-494.0745544433594,1034
2059.65185546875,800.4114990234375,6414
1229.1832275390625,364.70489501953125,2499
1937.9813232421875,560.7621459960938,129
1404.44482421875,-1002.7528686523438,3479
188.4070281982422,921.6618041992188,4273
-1053.2398681640625,-166.1619873046875,5359
1479.1534423828125,179.9608154296875,3902
387.93743896484375,-2209.418212890625,6496
-1138.7701416015625,-562.1415405273438,6161
-523.9254150390625,1384.763671875,3128
-727.2154541015625,418.283447265625,925
-182.1438446044922,1385.847412109375,389
423.4748229980469,642.1586303710938,2839
862.399658203125,-423.3197021484375,5138
-559.3668212890625,-1653.889404296875,6383
-1345.350830078125,-209.5966796875,4133
-1141.9320068359375,927.1529541015625,3570
281.18646240234375,-226.495849609375,54
-107.44065856933594,-932.5999145507812,3911
1133.88720703125,191.3345489501953,6501
-1023.1576538085938,414.408447265625,1778
322.58062744140625,-1128.8984375,2140
-14.0145263671875,-1474.4229736328125,1443
-6596.701171875,7275.93017578125,4043
-781.010498046875,-1214.9898681640625,2733
-508.891357421875,-1665.0556640625,3956
-2006.970947265625,-89.19114685058594,275
1119.267578125,630.6760864257812,1623
398.91290283203125,1743.5294189453125,3882
-1727.5050048828125,308.3227233886719,59
-76.12696075439453,-960.929443359375,2421
251.1902313232422,-438.1077575683594,3436
-875.1748657226562,846.2112426757812,1152
156.71768188476562,-872.3955688476562,4060
-595.9576416015625,-7.723167896270752,2156
-174.22804260253906,1106.3658447265625,2521
249.03707885742188,253.43218994140625,3601
1046.8621826171875,-100.67015075683594,379
92.7252426147461,-1135.7703857421875,4704
-1647.0848388671875,-862.3046264648438,959
1289.0341796875,-230.60813903808594,2238
-749.3760375976562,233.5145721435547,4463
-1196.6748046875,-1450.1031494140625,5228
1677.12255859375,1082.61279296875,4081
89.8719711303711,-394.7907409667969,4710
1003.4596557617188,-1105.266357421875,2954
-658.9089965820312,1035.0748291015625,4742
-932.2625732421875,-1306.18896484375,6573
914.695556640625,-1078.790771484375,2929
1267.41357421875,1151.1768798828125,2831
1039.802978515625,195.99542236328125,3973
-1734.1043701171875,159.38011169433594,1723
972.2637329101562,134.15589904785156,3828
-404.1313781738281,1020.57763671875,3129
1107.2398681640625,-1873.3671875,4491
593.1800537109375,-1788.626220703125,2664
-124.58293151855469,-1508.4888916015625,6547
747.8794555664062,1283.0103759765625,4778
1345.9212646484375,315.6436767578125,4048
-1875.24609375,-63.900447845458984,2820
1149.21875,495.4629211425781,2636
1320.50830078125,766.544189453125,2740
-889.3006591796875,-1682.37744140625,4703
1409.6517333984375,863.899658203125,1630
-291.54486083984375,926.8500366210938,435
173.4091033935547,1677.3154296875,5428
1277.31689453125,-1205.6824951171875,5810
-1984.6810302734375,954.4393310546875,3120
1225.9521484375,-2098.488037109375,5939
991.5511474609375,783.6310424804688,6123
559.6693115234375,-1712.978271484375,5318
468.3059997558594,47.096317291259766,5718
10.49687385559082,76.03372192382812,4917
-64.17044067382812,-42.11115264892578,1013
-13.366838455200195,-75.57772064208984,1728
877.5131225585938,-1846.7545166015625,2330
306.7974853515625,-1442.433349609375,5202
1481.9510498046875,433.8519592285156,2747
1250.924560546875,430.855712890625,6084
857.185302734375,-291.5209655761719,6290
2.4852185249328613,1417.9246826171875,6146
-1015.6182250976562,1600.5263671875,1238
-1093.7562255859375,-132.20718383789062,2516
-79.0263442993164,70.99276733398438,3655
525.2070922851562,-1611.4859619140625,3760
1692.75048828125,-352.19873046875,2450
-367.7774353027344,-783.7330932617188,950
1299.5438232421875,867.8576049804688,5145
1570.308837890625,349.2176513671875,5377
-1580.4520263671875,244.9507598876953,2955
-429.3486633300781,1312.5782470703125,3321
1016.677734375,619.126220703125,1916
-1152.342041015625,840.246337890625,5931
554.518798828125,14.840312957763672,3314
-1742.7032470703125,-850.5858764648438,2538
2076.94091796875,320.5271301269531,3783
-1986.07568359375,-409.8533935546875,724
-953.4779052734375,-760.799560546875,2241
-1226.85791015625,-256.3657531738281,4682
-805.5092163085938,-499.454345703125,3645
-745.5559692382812,-1454.5609130859375,5312
665.7036743164062,1332.1749267578125,4665
-15.751167297363281,-656.7683715820312,2334
-1320.740234375,1527.8388671875,577
-147.2660369873047,1525.6229248046875,5364
1544.6204833984375,554.6171264648438,5066
1914.0743408203125,1641.794921875,6039
-466.52276611328125,437.9630432128906,5262
163.00680541992188,952.8775024414062,4832
574.081298828125,-1191.53759765625,2195
-488.3970947265625,1500.524169921875,128
948.4401245117188,668.421630859375,5350
919.4978637695312,678.8294067382812,1030
817.7958984375,-428.8238525390625,3727
-1196.4984130859375,-1300.81787109375,2691
-1026.945068359375,1125.852294921875,642
994.0581665039062,1489.49658203125,37
-573.9246215820312,1281.1685791015625,637
-82.86493682861328,-441.5615234375,5908
-839.353271484375,-1367.6981201171875,3823
683.7137451171875,-1112.007568359375,3394
-1633.6513671875,-534.3650512695312,47
1616.915771484375,-1343.07763671875,1049
887.8148803710938,1541.2833251953125,4721
-1506.99853515625,-408.2159118652344,1742
1252.698486328125,105.0248794555664,19
-1023.944091796875,-597.3101806640625,5027
-528.0000610351562,1153.8533935546875,3491
-428.8623352050781,1101.2825927734375,778
-348.81243896484375,1110.0892333984375,3507
790.1026611328125,425.592041015625,5348
-1237.930908203125,631.3575439453125,2479
115.52930450439453,-819.3472290039062,5725
145.76560974121094,-1051.6961669921875,5183
-159.08546447753906,-849.271728515625,388
1300.031494140625,94.0516586303711,366
1118.7734375,766.30078125,4057
-1605.0692138671875,16.475032806396484,2139
-579.3853149414062,-1451.7149658203125,3989
-1364.291259765625,465.2422180175781,2374
651.1782836914062,-1526.942626953125,1980
-526.386962890625,490.3511047363281,2103
1047.615966796875,-1385.8424072265625,2554
842.233642578125,459.5214538574219,12
-584.08837890625,454.4100646972656,3808
-1202.1746826171875,-541.6914672851562,4271
883.7508544921875,963.32763671875,3912
-1946.6641845703125,-1646.5675048828125,385
114.07455444335938,1612.1064453125,2825
-849.2758178710938,1004.0692749023438,6242
371.25897216796875,-1697.3150634765625,1379
-1350.0859375,-420.34991455078125,2665
48.344505310058594,-71.58927154541016,1155
1397.7432861328125,-136.65963745117188,4110
765.5932006835938,1313.4925537109375,4850
-475.82342529296875,-1522.7237548828125,4228
-666.7203979492188,-1181.6539306640625,3345
30.631996154785156,-1576.532470703125,1733
396.0079345703125,-1004.7952270507812,4457
66.65825653076172,1016.2901000976562,4997
1248.5059814453125,121.72544860839844,2528
-1229.7275390625,207.4779510498047,3379
76.24036407470703,1339.881591796875,6160
298.372314453125,-85.90455627441406,3259
-1269.0460205078125,78.4463119506836,3104
128.3174591064453,-763.8087768554688,2546
-562.5089721679688,-1216.81884765625,4695
745.056396484375,-236.966796875,4875
-1041.6787109375,647.3153076171875,4471
-1487.4085693359375,-569.6240844726562,5852
-1193.3302001953125,291.2575988769531,5190
-839.3880004882812,1244.2730712890625,6116
1565.8062744140625,989.7533569335938,2044
468.3885192871094,1393.858642578125,4508
548.3631591796875,-1049.9039306640625,4473
-1641.606201171875,-74.92328643798828,3487
1420.5030517578125,-14.326062202453613,906
-271.6531677246094,1436.5885009765625,3438
459.22998046875,-1653.237548828125,5802
-288.0562438964844,1050.579345703125,2766
-1332.373291015625,-554.6203002929688,2742
-373.96917724609375,-1571.734619140625,1954
-692.67431640625,-1209.6793212890625,2509
-1582.4271240234375,210.8256072998047,5460
-55.790138244628906,292.24835205078125,6288
1105.34423828125,-14.834171295166016,1191
-1733.303955078125,-248.2381591796875,6361
1268.494140625,-224.09359741210938,117
710.377197265625,-555.5700073242188,3341
-443.740234375,1135.63232421875,3614
-186.10140991210938,1334.4781494140625,4701
-580.8021850585938,-1117.601806640625,1467
1133.6590576171875,-623.0242309570312,1615
-992.0897827148438,736.5306396484375,2885
-860.1832885742188,-875.4518432617188,4974
-575.5037231445312,-122.13497161865234,2341
1368.447509765625,486.9767761230469,15
638.0891723632812,411.6344299316406,5321
-934.8359375,406.56280517578125,5381
-69.32608032226562,-464.3554382324219,3337
-203.3427734375,1513.3966064453125,3085
-308.8260803222656,655.07568359375,4569
874.459228515625,-876.8678588867188,6204
-1123.9139404296875,186.96090698242188,2682
-432.856689453125,-494.49859619140625,5017
1305.908935546875,726.22216796875,4458
1765.8658447265625,-740.6845703125,327
-287.4648742675781,391.7720947265625,4414
1603.698486328125,-1407.8260498046875,6556
1104.8778076171875,921.4630126953125,4182
-734.6777954101562,547.132568359375,3994
-639.6229248046875,790.42041015625,2256
265.0195617675781,-1476.01171875,6122
-946.0601196289062,-472.3810119628906,2846
415.0473937988281,-1276.6690673828125,3260
-1388.4403076171875,1141.19091796875,1618
1010.281005859375,-692.4526977539062,4276
-1452.3079833984375,289.2438659667969,541
525.5621948242188,-1154.726318359375,2396
-902.3639526367188,-1379.2294921875,2077
377.5804748535156,-559.022216796875,1300
-1497.2236328125,380.5046081542969,4748
794.8010864257812,-5.575751781463623,5258
-1382.3687744140625,-608.7352294921875,4841
-535.5953369140625,-97.93474578857422,2641
-1030.21435546875,-1167.4183349609375,1674
-855.4229736328125,641.6658325195312,4451
695.8651733398438,-686.9042358398438,4812
1103.25732421875,50.887210845947266,4231
-240.96189880371094,-369.8443908691406,6553
-1696.902587890625,-243.99813842773438,3432
-890.4605712890625,-767.6528930664062,5785
-240.13523864746094,1895.60693359375,3038
-827.6072998046875,2576.3466796875,6445
-163.1111297607422,-1665.5343017578125,6175
-256.22906494140625,1560.3717041015625,5688
206.52932739257812,1463.7652587890625,1184
-832.0470581054688,938.88525390625,51
-619.9998779296875,-1854.939208984375,2037
-222.4191131591797,714.1217651367188,6554
-649.0508422851562,-1423.273681640625,5182
915.7123413085938,-310.6461486816406,4484
1035.693359375,524.435546875,2882
-735.1317749023438,-889.9862670898438,4044
317.7450256347656,-421.6705017089844,6634
-108.82621765136719,816.347412109375,5587
781.88818359375,1604.51513671875,2426
-1421.6885986328125,-1044.943359375,2950
-130.75186157226562,1381.614013671875,6525
-405.6510314941406,-542.8518676757812,6307
-502.330322265625,-1868.8616943359375,5943
-1576.686767578125,-1481.0162353515625,4594
659.3289794921875,-1142.4158935546875,5012
-1030.420166015625,581.3361206054688,6117
603.8639526367188,563.2421264648438,6345
415.6033630371094,963.4119262695312,2771
82.19961547851562,-1314.3111572265625,6395
-207.71542358398438,-802.768798828125,3927
-81.80414581298828,35.821929931640625,2467
-1483.33935546875,-463.70562744140625,113
-772.5364990234375,1805.5562744140625,728
1028.1611328125,701.71142578125,5472
-475.9967346191406,-1689.0892333984375,4523
-716.0267333984375,-166.93576049804688,2826
1483.552001953125,-1003.0419311523438,3610
801.2325439453125,986.4409790039062,6214
1550.361328125,308.8846740722656,3153
-134.78236389160156,728.2813110351562,2092
1646.4144287109375,-572.3823852539062,3177
1111.3126220703125,809.8302001953125,2439
1568.6478271484375,1086.9459228515625,6010
369.1803283691406,-1050.1273193359375,4684
801.4996948242188,1524.14599609375,1126
1193.4840087890625,-258.4821472167969,2694
-328.33160400390625,-1153.206298828125,5244
-766.8908081054688,170.15379333496094,4652
-926.5021362304688,308.34124755859375,6024
574.9281616210938,1253.353271484375,6139
1340.3040771484375,111.20674896240234,5538
1278.8641357421875,-1225.2362060546875,6140
-771.7803955078125,-932.864501953125,5171
-265.06982421875,1043.1591796875,1819
211.30821228027344,2087.3798828125,2982
1983.4071044921875,104.56433868408203,2183
877.4031372070312,783.4457397460938,3437
-378.45989990234375,-929.3179321289062,3799
-225.20254516601562,-768.8873291015625,4680
-301.94732666015625,-639.9517822265625,5218
-172.64767456054688,-1128.03564453125,3622
1255.4637451171875,424.3044128417969,3858
-860.21826171875,798.901123046875,4722
-841.6133422851562,-1591.59814453125,6017
1076.11962890625,359.3218994140625,3452
-1055.10888671875,794.6378784179688,1734
-691.0371704101562,-1030.61328125,3429
1982.612548828125,186.84153747558594,4950
-968.7416381835938,-972.0512084960938,6650
-782.9430541992188,281.9764709472656,6594
-238.46888732910156,202.88218688964844,4971
-474.8438720703125,-1072.3321533203125,2342
-644.1720581054688,-1897.7510986328125,2308
768.1588745117188,-980.3297729492188,4711
1878.555419921875,1315.2906494140625,3679
-1049.4459228515625,-816.8232421875,1838
-1240.3199462890625,-470.7801818847656,4151
158.89991760253906,909.1693725585938,5714
178.77352905273438,-1297.1019287109375,6209
150.2459259033203,-572.0148315429688,3081
1264.4635009765625,226.538330078125,3010
358.2570495605469,596.2807006835938,4981
879.5919189453125,233.81539916992188,1663
-1307.3941650390625,-123.47686004638672,4039
-148.45928955078125,-3109.47998046875,2073
-774.3508911132812,286.337646484375,3093
1283.623291015625,223.9698028564453,4442
-659.6015014648438,-2001.2138671875,5341
-681.3859252929688,1032.9156494140625,3346
-1655.0166015625,130.9453125,4195
1660.62255859375,890.5913696289062,4539
-533.409423828125,1494.592041015625,3711
1462.45263671875,116.00550842285156,6536
76.91519165039062,52.71897888183594,5449
735.6348876953125,1921.252685546875,3653
1293.8792724609375,1069.2650146484375,5259
-1212.8211669921875,-48.93776321411133,3627
539.0137329101562,-12.525450706481934,2785
1001.86181640625,-261.1192321777344,4112
-598.886962890625,-148.42832946777344,1202
-1553.86767578125,325.4115905761719,107
952.6770629882812,1.2570605278015137,2857
868.4921875,68.23339080810547,2038
-165.0531768798828,-722.1983032226562,4854
-1470.978271484375,-841.6748657226562,5270
690.0520629882812,699.7457885742188,4570
-158.80372619628906,762.7027587890625,5880
-837.2147827148438,1100.4833984375,5061
1946.35498046875,108.52965545654297,4275
-343.33251953125,-1345.0430908203125,1494
-217.6717529296875,-1175.7218017578125,3689
2167.271728515625,647.5877075195312,2653
-1688.0233154296875,1179.2860107421875,5879
1190.5230712890625,222.92642211914062,360
-1514.9830322265625,-703.2503662109375,3239
1576.174072265625,259.3191833496094,6637
-1369.4073486328125,-263.5008850097656,2635
-187.6656036376953,1529.5975341796875,5661
-61.725059509277344,-426.0217590332031,2230
-1036.9776611328125,-536.3055419921875,2706
-775.6536254882812,938.7559814453125,1599
5663.7587890625,2407.23046875,5930
-773.9472045898438,605.4863891601562,3720
-1339.6619873046875,1358.7310791015625,5338
406.0308837890625,943.8870849609375,5215
-995.2683715820312,-664.516845703125,1737
895.4859619140625,-861.5765380859375,5450
-517.1343994140625,633.538818359375,3077
1150.8233642578125,193.98666381835938,6410
-724.637939453125,823.5676879882812,5528
-654.2857055664062,-1703.7171630859375,6649
-699.6495971679688,-516.3974609375,3508
127.6246337890625,-611.0414428710938,888
-315.20416259765625,1367.6182861328125,6045
-817.5985107421875,1353.28515625,3022
1532.2813720703125,1089.595947265625,2658
612.008056640625,589.7181396484375,3700
-458.11041259765625,-1398.1917724609375,3704
1716.6434326171875,334.0838317871094,1399
382.7899169921875,-107.59236145019531,6256
-708.5912475585938,531.69970703125,82
974.5706787109375,854.7648315429688,4239
-1259.159912109375,67.06314849853516,4840
1140.31591796875,492.9607238769531,2854
415.5382995605469,1694.96533203125,6359
-1073.2723388671875,-980.7103881835938,3492
-250.71820068359375,-1410.7554931640625,4671
-922.0741577148438,672.7208251953125,2926
-669.0242919921875,-1092.0537109375,6542
-375.3390197753906,-678.8673706054688,4175
1050.9765625,-53.38720703125,3652
1220.59716796875,659.5047607421875,3616
238.7115936279297,1605.960693359375,1279
1794.89599609375,-441.9212341308594,2979
1307.5654296875,-899.185791015625,1471
1625.8038330078125,245.99176025390625,5650
847.3455200195312,-71.31680297851562,5679
-1452.677490234375,235.22982788085938,1411
-338.1294860839844,-937.0988159179688,5514
-316.1090393066406,626.4712524414062,3204
-291.35247802734375,-1530.0076904296875,132
-484.8978576660156,1539.613525390625,4184
-1179.26123046875,-195.59329223632812,5692
247.79971313476562,-1649.367431640625,5969
263.4537658691406,271.08087158203125,3721
1099.1162109375,244.8486328125,2067
-22.17217254638672,94.01935577392578,6456
-25.570459365844727,1062.1961669921875,5279
-1416.3447265625,571.8599853515625,1036
-1050.0556640625,-1570.7747802734375,3958
-1538.99365234375,462.8611145019531,6533
877.4668579101562,986.4443969726562,42
-985.7219848632812,-1814.52392578125,4732
-1310.3779296875,-1067.0374755859375,1150
-666.4638671875,474.8525390625,429
695.2990112304688,651.9736328125,3744
1835.103515625,884.9732666015625,6363
1587.1712646484375,-37.21814727783203,2845
978.148193359375,59.44643020629883,3537
496.3558349609375,-678.8054809570312,3146
1022.8571166992188,1092.899658203125,3709
-938.0363159179688,-892.8756713867188,5831
-1346.5489501953125,-609.4462280273438,2817
-701.9029541015625,345.47406005859375,3285
-545.4821166992188,773.5626831054688,93
818.8785400390625,100.6003646850586,4069
81.12982940673828,2121.76806640625,4246
-1092.1083984375,1047.5135498046875,2985
-836.9163208007812,1257.4468994140625,5085
-1150.27392578125,626.7647094726562,3414
604.5844116210938,1033.0577392578125,1571
-701.2247314453125,-1185.5185546875,4313
-1896.731201171875,-281.9046936035156,5263
-527.029541015625,492.243896484375,5452
-932.8447265625,30.874155044555664,6413
961.63818359375,-1303.32373046875,4551
-574.5694580078125,1227.1292724609375,3629
1750.6029052734375,69.5229263305664,4488
1000.0179443359375,-616.9554443359375,1920
-1374.9002685546875,-334.5675048828125,3919
-145.29957580566406,1523.3345947265625,131
794.1122436523438,1754.7637939453125,4136
-779.1705932617188,-1165.3983154296875,3678
1805.3125,-86.9845199584961,4633
1272.1636962890625,-421.2254638671875,3640
1019.3422241210938,-944.3888549804688,2096
1380.3525390625,1352.0220947265625,4614
-1085.8802490234375,921.5405883789062,3818
649.5301513671875,-2210.876708984375,4389
-1017.3965454101562,-277.03143310546875,2961
-362.0143737792969,-1323.2904052734375,1338
-67.83523559570312,333.9466552734375,3424
1013.8651733398438,2420.1318359375,5793
-1143.129150390625,-507.8158874511719,3729
339.0758361816406,-1522.8480224609375,2536
1201.2529296875,510.5035705566406,3516
341.3878479003906,1043.4356689453125,4865
265.10235595703125,479.2296142578125,5768
-1107.5521240234375,-2723.02099609375,5343
637.093505859375,-1210.5263671875,2563
969.9296875,496.27203369140625,3938
675.7008666992188,-904.6880493164062,3230
-69.99095916748047,1772.9091796875,5958
893.3658447265625,317.66986083984375,2828
1094.9373779296875,1284.03076171875,2642
-1107.0501708984375,-1248.3931884765625,4960
23.266984939575195,-1116.3197021484375,3220
1368.2515869140625,-96.41503143310547,3915
-639.2234497070312,-1414.6094970703125,5113
1356.6541748046875,-441.4290771484375,5984
-577.8638916015625,-32.53154373168945,3098
201.08941650390625,611.8859252929688,3740
-1126.2432861328125,-616.1791381835938,5438
-276.7714538574219,-1287.999267578125,5871
115.43701171875,-169.02468872070312,2358
-947.8843383789062,-1757.219970703125,4053
-274.8349609375,-1123.39453125,5951
-469.2021789550781,-189.8130645751953,5204
566.2533569335938,1154.585693359375,3265
-363.03167724609375,1286.8843994140625,5463
-759.65380859375,1261.3031005859375,2264
-113.34928894042969,-1375.7469482421875,4202
-475.2520446777344,1640.9874267578125,4355
192.43031311035156,-407.6376953125,4265
1093.3272705078125,-455.9878234863281,2178
-1327.0531005859375,-745.1238403320312,3930
-541.1502075195312,-1667.393310546875,3732
-1077.9136962890625,-1086.139892578125,3122
447.3741149902344,1121.0517578125,3865
2152.0439453125,-629.7603759765625,6050
-398.8887023925781,323.63177490234375,4402
494.8021240234375,1210.34716796875,245
-1150.4788818359375,-596.7066650390625,3761
2628.350341796875,-2669.5146484375,3533
2090.851806640625,-208.68460083007812,3898
873.6954345703125,-927.551025390625,39
405.1373291015625,162.95245361328125,2807
-1046.4337158203125,853.7333374023438,6603
-350.913818359375,352.6994323730469,890
-707.5422973632812,-1166.957763671875,3108
594.8400268554688,-951.565673828125,4510
717.5048217773438,50.0768928527832,4557
-337.49859619140625,1091.6712646484375,2465
1461.0545654296875,-281.77606201171875,4492
1081.0198974609375,-906.2337036132812,3881
1341.2100830078125,-41.764007568359375,3277
760.1307983398438,1470.98095703125,5007
541.846435546875,-319.2415771484375,5631
-519.9736938476562,-1477.3736572265625,6009
1568.7158203125,-608.5159301757812,4625
1400.6207275390625,557.3389282226562,2634
-412.9523010253906,-1165.40673828125,3776
-847.1115112304688,-901.385009765625,5291
232.18643188476562,1841.3179931640625,2945
1310.5194091796875,546.9009399414062,6079
-428.9847717285156,-1787.7513427734375,3225
-345.7560119628906,-1546.7554931640625,3756
-585.3968505859375,1776.78173828125,6555
13.050826072692871,483.39544677734375,3082
-620.100341796875,-75.8125228881836,396
-33.688594818115234,-1397.4725341796875,5447
1401.120361328125,-1207.0526123046875,4910
1447.999267578125,-589.4605102539062,3499
-1764.0882568359375,-1025.57177734375,2233
1670.004638671875,-400.2617492675781,1544
812.491455078125,-1338.6688232421875,3600
-909.5006103515625,-1005.5819702148438,5516
-347.75732421875,-474.9721374511719,3369
-906.1058959960938,-120.82344818115234,1741
-1268.1884765625,802.5199584960938,6404
778.5386352539062,1684.2679443359375,2078
-1216.935791015625,-73.241943359375,1134
-1464.74462890625,1022.91259765625,4643
-1044.6424560546875,-754.1218872070312,4159
717.2554321289062,-1174.3641357421875,5081
1079.382080078125,-1694.512451171875,3763
-379.22857666015625,1726.126953125,1874
-470.8022766113281,-2436.367431640625,3674
293.2738952636719,-55.26200485229492,488
1609.998046875,383.65264892578125,4064
-1139.8267822265625,-1189.142822265625,3385
601.9814453125,56.70540237426758,4203
-1910.370849609375,562.9835815429688,2517
948.0111083984375,267.3980712890625,5227
-2664.31298828125,-1426.575439453125,1275
454.69293212890625,-753.4466552734375,3626
816.4146118164062,1026.322021484375,220
-1597.9954833984375,410.4963684082031,271
-1072.679443359375,-89.53353118896484,2834
1338.3994140625,573.6904296875,1325
-167.26356506347656,-499.6088562011719,2824
-813.7974243164062,13.885884284973145,5783
1170.321044921875,1117.5562744140625,927
-852.36376953125,771.2669677734375,3866
906.3012084960938,-322.3416442871094,506
1485.0694580078125,974.65966796875,4664
-641.0557861328125,1339.5848388671875,4909
-69.00333404541016,1008.2141723632812,2951
1112.0572509765625,87.97840118408203,3319
1353.8248291015625,2557.3154296875,3986
770.1242065429688,-1524.2105712890625,5029
1188.23388671875,-270.386962890625,5196
-135.04461669921875,393.3512878417969,2715
1138.3277587890625,-344.85430908203125,5395
-358.6827087402344,-1212.3836669921875,5546
965.1917114257812,-155.60018920898438,4026
-1008.8113403320312,133.76707458496094,6134
81.36990356445312,-848.0545654296875,36
-807.0902709960938,772.0282592773438,5159
-260.8512268066406,925.39404296875,4856
-277.2772216796875,-1432.642578125,3957
-1376.98681640625,-12.915789604187012,873
-1666.1080322265625,153.91070556640625,3959
1494.1932373046875,-311.9502258300781,5277
157.6904754638672,1129.3173828125,6298
-84.79557800292969,-555.9953002929688,4771
-958.5966796875,-602.67236328125,5033
638.84423828125,1939.0040283203125,4772
1863.060546875,-472.952392578125,5813
-463.6682434082031,1207.1910400390625,254
1314.448974609375,877.2088012695312,5167
-1497.4102783203125,1305.8726806640625,2501
488.6249694824219,-333.13214111328125,4147
-1411.572998046875,-1129.2935791015625,3522
-365.07867431640625,1127.5281982421875,3696
763.7019653320312,-726.1030883789062,3630
-3.436131238937378,1189.4091796875,1035
-774.8082275390625,70.38622283935547,5393
-1025.3958740234375,-565.4194946289062,2714
-745.496826171875,1474.3812255859375,1669
-1390.423828125,-161.4776153564453,5612
-1688.1422119140625,-185.66612243652344,3764
-39.5789680480957,-1261.2564697265625,2090
-175.57440185546875,104.5379638671875,3071
575.5339965820312,510.2210388183594,4171
2410.485107421875,-319.31951904296875,779
-1302.4700927734375,-866.547607421875,34
757.161376953125,1421.1959228515625,762
454.7112731933594,-1253.7716064453125,6566
-719.1094360351562,-410.0516357421875,4861
1751.15771484375,515.1317138671875,3920
1021.5853271484375,-1183.0198974609375,1999
-175.0757293701172,-1831.790283203125,5779
397.37548828125,920.0424194335938,532
-887.7681884765625,-1067.390869140625,4959
-625.5884399414062,65.66569519042969,4447
1604.994140625,60.07600402832031,4874
-616.69091796875,-1326.162109375,3708
-1058.4315185546875,-876.8594360351562,4435
-2505.310546875,938.8941040039062,990
-119.22053527832031,-427.4647216796875,6198
602.4290771484375,1350.0177001953125,3363
866.7357788085938,-438.2021789550781,4697
1069.9207763671875,-1353.291748046875,4047
607.5130615234375,1283.2232666015625,3282
79.3450698852539,1509.664306640625,133
-1886.386962890625,-22.128149032592773,3692
-781.1947021484375,1067.3885498046875,6500
-173.6223602294922,143.92543029785156,6656
-525.5112915039062,1313.7080078125,4344
-2134.8125,1686.040771484375,2122
-434.1139221191406,-903.9729614257812,1381
-1066.5015869140625,-973.6304321289062,2498
1179.1834716796875,668.2160034179688,1998
517.9500732421875,918.793701171875,251
-940.9075317382812,-938.8280029296875,2145
1455.116455078125,-287.0099792480469,1108
1586.87109375,116.9050521850586,2518
1416.0740966796875,-648.28564453125,2413
-1533.734619140625,950.7164916992188,3524
-41.444156646728516,-965.5161743164062,2912
2585.692138671875,-9720.9228515625,2519
-80.63714599609375,2378.662841796875,6023
282.7297058105469,1041.129150390625,3731
85.942626953125,1927.83642578125,4068
-691.9029541015625,-1040.9486083984375,5845
-112.79035186767578,-696.6297607421875,2522
2079.770751953125,249.82252502441406,5809
1410.7403564453125,529.4550170898438,5832
-1228.302978515625,-747.164794921875,3682
-684.1041870117188,-1107.7647705078125,2915
1048.24658203125,411.4610900878906,5826
1473.9962158203125,-2071.58251953125,2573
-496.9516906738281,1078.328125,2768
-72.77763366699219,-750.6057739257812,5404
-276.3792724609375,-1321.5880126953125,274
-204.19244384765625,-1236.19287109375,6125
1655.0452880859375,15.976564407348633,92
-84.20170593261719,2153.03955078125,3748
-719.8333129882812,-366.30877685546875,884
-980.4760131835938,264.9322204589844,66
-728.3331909179688,-213.2281951904297,5543
-1709.2052001953125,1013.6851196289062,3716
96.08059692382812,-805.9456787109375,1071
-1152.3160400390625,-1398.491455078125,4963
-447.990234375,1005.105712890625,4401
923.2377319335938,-897.400634765625,727
644.15283203125,-1469.8614501953125,417
904.3784790039062,42.748531341552734,112
1385.3809814453125,-115.87285614013672,3583
-124.65975952148438,-988.409912109375,5999
-1142.1077880859375,591.5380859375,1798
1061.66455078125,338.2287292480469,3447
-524.8587646484375,-1531.140380859375,6248
-372.56939697265625,-493.84686279296875,3825
761.5636596679688,1569.1817626953125,4756
90.60808563232422,-2175.466064453125,3781
1456.1456298828125,1139.17236328125,6091
257.54534912109375,844.3163452148438,6267
-461.74676513671875,-1023.368896484375,696
-1632.929443359375,1507.3963623046875,3334
-1075.49267578125,-207.29193115234375,4694
1442.027099609375,-733.0083618164062,5542
152.24008178710938,-1080.0982666015625,4124
-732.1351318359375,1352.4080810546875,299
-443.63232421875,1112.0396728515625,6511
1189.4591064453125,205.96615600585938,3805
127.10069274902344,2.8921914100646973,398
206.37249755859375,467.962890625,2143
1409.96044921875,-2263.2646484375,5077
399.9681091308594,1519.9771728515625,1703
729.9767456054688,1396.1754150390625,5400
21.796682357788086,-607.606689453125,4338
-1217.0643310546875,-680.9725952148438,6096
-388.5354309082031,-342.9837341308594,5153
-449.10760498046875,-66.00859069824219,4958
-1049.7093505859375,1531.8468017578125,1173
-411.4990539550781,-1419.481201171875,5236
231.8145751953125,977.840576171875,5240
629.0147705078125,340.93133544921875,2693
1010.3822631835938,-634.7437133789062,1667
-71.79851531982422,485.869140625,5614
1341.4232177734375,879.732666015625,2225
42.28262710571289,-571.2286987304688,5819
831.8229370117188,914.3704833984375,5418
1712.75390625,59.65027618408203,4042
-164.23312377929688,852.78173828125,3072
879.1043701171875,852.892578125,4819
-103.99146270751953,2411.492431640625,4892
-305.1729431152344,-870.7661743164062,4489
861.9224853515625,1478.4561767578125,3476
-1672.34423828125,431.3552551269531,4393
-3509.95068359375,2251.758544921875,4715
1043.1478271484375,866.27099609375,4871
-1039.5203857421875,-887.6243896484375,55
-1537.64404296875,340.2093811035156,5278
-2140.911376953125,-886.6045532226562,4413
-1332.903076171875,1572.9659423828125,5838
-1254.98974609375,1353.5391845703125,4002
-103.43659973144531,-1066.380859375,2361
104.34597778320312,64.9407958984375,4674
-342.76776123046875,-1973.5399169921875,2615
1251.383544921875,415.665283203125,4738
-1336.67041015625,-276.3623352050781,1726
710.2722778320312,1131.522705078125,6187
416.7326965332031,-9.338582038879395,4944
639.3226928710938,-826.0780639648438,3623
-297.35296630859375,1525.8302001953125,3361
-302.9730224609375,802.8467407226562,1754
-683.105712890625,1395.4425048828125,1848
874.7050170898438,1239.205322265625,4757
1078.3270263671875,-276.6934509277344,4033
1458.482421875,1347.4078369140625,2468
-40.18375778198242,-425.1173400878906,6362
-833.7155151367188,261.3910217285156,4105
-850.3795166015625,302.1627197265625,2552
-21.12000274658203,561.1448364257812,3944
-1357.0272216796875,-723.8511352539062,4610
329.5990905761719,2432.658935546875,2620
-959.328857421875,1040.1466064453125,2141
-353.8446350097656,1211.5704345703125,6179
-191.8619384765625,556.34375,387
-2378.928466796875,-648.7963256835938,6328
-1516.8165283203125,469.37646484375,3481
85.20687866210938,-652.523193359375,4924
1654.0855712890625,-158.71717834472656,982
573.5125122070312,1325.300537109375,2678
-474.4281311035156,-339.08636474609375,3790
-505.02081298828125,-1003.4650268554688,5732
-810.4805908203125,-1215.3851318359375,339
495.7679748535156,396.0887145996094,5023
1080.748779296875,-847.0267944335938,4864
1837.287841796875,434.7507019042969,3910
-849.45458984375,-2070.143310546875,2579
697.167724609375,851.2868041992188,1644
-583.510498046875,-347.2740173339844,3605
1439.6688232421875,120.2920913696289,3712
2530.606689453125,-46.71687316894531,2952
-1689.97509765625,-93.56822967529297,5717
-1000.8040771484375,333.09521484375,4672
-778.8969116210938,-1065.8648681640625,5642
-607.4508666992188,-1319.3751220703125,2808
992.0171508789062,-1027.043212890625,2692
-487.4989318847656,1525.0572509765625,1675
-812.5491943359375,569.4686889648438,5256
-1343.2945556640625,-413.484375,3273
918.5914306640625,-976.2446899414062,5987
-484.79296875,-21.704486846923828,761
-1073.260498046875,695.2769775390625,6015
-1305.307861328125,376.32586669921875,1250
-412.7785949707031,1110.271484375,5665
1386.551513671875,-262.6109313964844,6315
682.674072265625,-878.8563232421875,3890
137.09898376464844,898.0740966796875,3734
-544.841064453125,-246.48831176757812,108
678.7526245117188,-1385.95556640625,5994
733.3399658203125,941.7284545898438,3584
1005.7568359375,148.71514892578125,25
-1737.5621337890625,1043.2659912109375,2571
910.5206298828125,590.0040893554688,3728
6.245663642883301,1344.55419921875,5582
-446.7026672363281,-565.1607055664062,3051
34.300048828125,1150.51806640625,2645
1105.072998046875,-933.5743408203125,578
1713.4798583984375,1100.4375,2244
893.1582641601562,153.8011016845703,3215
715.8597412109375,-211.64991760253906,4692
333.4321594238281,-1525.8140869140625,4266
-805.520263671875,-913.2799072265625,5320
-1053.330810546875,276.329345703125,5791
1587.578369140625,36.15029525756836,4837
410.2983703613281,-883.350830078125,3109
73.65572357177734,-224.38296508789062,6291
-51.9348258972168,-1169.057861328125,5473
-198.29818725585938,1370.72119140625,4404
-802.2037963867188,-1391.5838623046875,4225
-312.0137634277344,447.0470886230469,3349
-2624.608154296875,-176.97512817382812,922
-54.92082214355469,761.984619140625,4804
1664.7789306640625,-430.2326354980469,810
407.26177978515625,-1281.74658203125,2763
754.1353759765625,-643.998779296875,77
152.78135681152344,2875.283447265625,844
-241.09722900390625,1037.3321533203125,6067
-838.2612915039062,1968.5357666015625,5638
395.686279296875,1392.447509765625,4255
-1235.15234375,-632.5297241210938,4287
1017.1715698242188,-1074.12060546875,5354
-1213.7774658203125,-566.377685546875,3354
1156.5230712890625,1612.39501953125,4001
-1586.524169921875,-392.6011657714844,6201
695.2697143554688,-1101.6873779296875,5071
-1232.4464111328125,766.909423828125,2774
-1804.768310546875,1423.9541015625,3469
-3456.179931640625,-1075.5377197265625,2905
-752.657958984375,2157.9599609375,5026
46.951351165771484,234.7722930908203,6072
-62.36787796020508,1632.4996337890625,3254
605.9295654296875,1387.396240234375,5524
-1401.4072265625,-305.8636474609375,6300
-1439.3883056640625,656.8336791992188,2652
-322.4906005859375,240.90028381347656,4890
-389.7047119140625,-1172.2613525390625,3210
-433.22528076171875,1024.6470947265625,423
-1209.18896484375,-186.84719848632812,1918
247.6714630126953,-1860.9527587890625,5111
903.4725341796875,-478.69384765625,5818
801.7340087890625,-1129.929931640625,3435
-870.2891845703125,-1493.626953125,4211
-191.40733337402344,-951.454833984375,5130
1210.3685302734375,-1257.4998779296875,3057
88.82313537597656,-910.3323364257812,2718
-1112.7100830078125,231.46726989746094,4786
-1113.427490234375,488.99359130859375,1565
1300.9322509765625,-224.57606506347656,1842
-2434.162353515625,-1279.395751953125,6158
43.32912826538086,841.9015502929688,2644
-70.04459381103516,-1544.6231689453125,2773
-328.7286682128906,973.4864501953125,3441
-723.2573852539062,458.702880859375,5531
-474.1841735839844,-1123.9876708984375,3702
471.37554931640625,57.78997039794922,2975
914.3626708984375,-1299.8814697265625,2137
-1459.8914794921875,199.83619689941406,4093
-314.6663513183594,645.2805786132812,2113
-1275.801025390625,927.5335083007812,4499
877.9683837890625,-860.7699584960938,5180
630.2390747070312,-44.51627731323242,5903
-687.9329833984375,-275.1218566894531,6498
-878.6827392578125,-889.6255493164062,3477
-1428.5587158203125,1476.234375,5709
-1079.701416015625,159.9027862548828,1490
1262.1932373046875,226.21340942382812,6376
-68.1488037109375,751.6534423828125,3940
1493.506103515625,733.5999145507812,648
783.5023803710938,-877.1425170898438,5199
986.0791015625,343.9544372558594,6243
609.237548828125,-1085.27587890625,6483
2029.10205078125,590.7059326171875,2430
1100.86572265625,-1447.779296875,4761
906.2928466796875,1396.964111328125,6358
1183.22216796875,21.75872039794922,5988
-341.93438720703125,-1336.826171875,1624
2337.718017578125,2737.241943359375,3804
709.8555297851562,-677.200439453125,1736
1494.1575927734375,542.383056640625,5122
1502.1923828125,162.3860626220703,5083
-1420.7879638671875,-875.905517578125,3387
142.2922821044922,-1255.40087890625,2324
-2733.64794921875,7879.80419921875,390
1186.459716796875,-1306.0804443359375,3803
51.07500076293945,1285.800537109375,1057
2626.273193359375,-465.5670471191406,949
-840.7404174804688,-314.53680419921875,4783
-167.93984985351562,-1105.4437255859375,4308
-548.8536376953125,952.6690063476562,3482
-631.5128173828125,-1550.003173828125,6309
1067.90771484375,738.5879516601562,6083
1177.7235107421875,111.47686767578125,4277
-1708.4334716796875,-1317.5020751953125,6080
681.56005859375,-958.9481201171875,5105
-85.11507415771484,1574.815185546875,2564
-685.4124755859375,-919.4129638671875,2603
836.5110473632812,970.2796630859375,2227
1574.138671875,522.0938110351562,4441
1432.9990234375,-2073.1689453125,793
-1003.724853515625,184.91563415527344,2132
-790.7423706054688,673.092529296875,2906
89.05399322509766,914.2702026367188,5658
519.1409912109375,1264.136962890625,4015
231.30149841308594,-486.0916748046875,2126
-515.5994262695312,1235.2911376953125,1236
987.4893188476562,-1258.4627685546875,2709
717.739990234375,418.7920837402344,2313
-258.7798767089844,-1249.0185546875,3681
-1008.84619140625,-117.22325897216797,4191
941.082763671875,1118.5391845703125,5307
-1603.1986083984375,352.1047058105469,4465
889.3955688476562,-1138.9534912109375,1099
158.0184783935547,650.4354858398438,3144
173.28871154785156,1646.7147216796875,4331
1404.895263671875,387.6890869140625,3749
159.0356903076172,1867.9100341796875,645
-546.8383178710938,1264.8038330078125,5606
885.5459594726562,-589.5946655273438,3967
532.8543701171875,1902.22998046875,4951
-1131.3895263671875,2393.09912109375,5273
1575.3236083984375,-1053.3013916015625,2278
-635.6305541992188,-1749.012451171875,805
-110.34651947021484,450.6788330078125,4374
-652.8338012695312,-579.63427734375,1507
492.69525146484375,-796.2727661132812,6070
557.3844604492188,-1328.1307373046875,5155
878.1206665039062,-564.0584106445312,2553
-1327.247802734375,-65.71601104736328,3871
-368.31268310546875,1162.0989990234375,5008
-869.029296875,679.2152099609375,1263
-497.7769775390625,-419.6003112792969,4912
-824.4421997070312,-2119.144287109375,2357
-470.98333740234375,2071.273193359375,3889
-96.78260040283203,-479.9379577636719,525
1075.1864013671875,-666.3880004882812,5835
1389.1903076171875,-198.68211364746094,2491
-127.80374145507812,-1697.931640625,5437
1046.1336669921875,266.06011962890625,2337
128.81800842285156,-1147.893310546875,4549
-677.328125,-1249.77197265625,4296
-984.7171020507812,331.3284912109375,5974
1046.77880859375,872.3966064453125,6172
1871.939208984375,149.82244873046875,2710
512.9850463867188,32.67448043823242,6129
-1852.066162109375,757.2835083007812,4929
1227.1470947265625,-278.3167724609375,3381
140.18386840820312,1335.516357421875,3872
703.4369506835938,-1592.75732421875,6469
-148.04751586914062,-912.8556518554688,5608
-1298.864501953125,1399.100341796875,3440
-1997.7659912109375,-428.8431091308594,6666
-602.67578125,-1564.65625,886
315.6927795410156,672.1327514648438,3987
1168.0565185546875,882.1801147460938,6354
2294.573486328125,83.7693099975586,1007
1522.86474609375,1197.592529296875,63
254.41477966308594,-56.762718200683594,5991
-1338.542724609375,-18.01291275024414,2463
-965.9586181640625,1006.9953002929688,4735
-799.0128173828125,-851.5625610351562,1335
123.83589172363281,-1665.852783203125,3243
1194.8741455078125,-209.57362365722656,4286
204.320556640625,-1269.9637451171875,4224
220.80242919921875,1229.289794921875,5928
-384.30908203125,-134.23194885253906,4515
-1324.1591796875,671.9898681640625,4720
990.6502075195312,-978.4141235351562,2487
376.8155212402344,666.396728515625,3150
522.0084228515625,2264.83251953125,5141
1914.338134765625,1202.52001953125,1688
-1130.076416015625,-1023.66552734375,5383
1012.1845703125,914.21044921875,5282
239.64443969726562,-863.2730102539062,5699
2020.761474609375,-197.03164672851562,6329
-1457.4031982421875,575.268798828125,3856
820.9262084960938,1339.5645751953125,1784
-300.09320068359375,-1438.787109375,4114
1333.7586669921875,1064.9761962890625,5950
735.3133544921875,-665.3603515625,4223
-1094.472412109375,819.5448608398438,3918
-148.3629150390625,1478.7047119140625,6545
-518.631591796875,-2635.02734375,680
-151.87098693847656,812.2542114257812,4683
-929.5924682617188,-330.3571472167969,2984
257.7310485839844,-1760.6431884765625,5310
-84.10352325439453,-793.1806640625,4869
-367.7325134277344,-893.3134765625,4045
-672.3399047851562,1311.1041259765625,2055
-242.3052215576172,1647.8956298828125,983
865.4183959960938,-397.24310302734375,4564
1303.2513427734375,-591.1048583984375,2978
491.5250244140625,1363.5765380859375,4524
1108.982421875,-892.6024780273438,6301
-955.5399169921875,766.53466796875,5094
856.4234619140625,-1332.3021240234375,6495
-623.61083984375,1651.0323486328125,1006
-404.12200927734375,-1131.5369873046875,79
456.8976745605469,-231.38441467285156,4011
1934.358154296875,996.4747314453125,4134
-556.6835327148438,3260.344970703125,2507
-1891.8492431640625,609.31591796875,5192
1080.82568359375,2230.73974609375,76
-1640.485595703125,1177.92333984375,5970
150.5814971923828,-2661.00146484375,5073
-128.86354064941406,1953.2216796875,6459
-172.92550659179688,13.381214141845703,3181
151.37692260742188,-88.9020004272461,5874
295.2123107910156,1972.550537109375,4885
-603.356689453125,289.9822998046875,4592
1226.8466796875,-1297.4840087890625,74
-962.381591796875,-552.9041748046875,60
1992.480224609375,1381.6622314453125,3660
595.3065185546875,1456.520751953125,5599
1179.3575439453125,-1686.513671875,115
1323.5516357421875,103.7789077758789,4651
-1378.74072265625,1368.251953125,3397
495.81011962890625,1155.8963623046875,3347
-657.9589233398438,254.92652893066406,5399
-1042.8699951171875,808.685546875,4733
1758.2862548828125,221.85552978515625,896
-660.6307373046875,-1333.168701171875,3699
-887.5715942382812,-447.12957763671875,4123
1574.798095703125,1038.2955322265625,3633
